Div;Date;HomeTeam;AwayTeam;KEY;Home_Team Size;Home_Market Value total;Home_Market Value avg;Away_Team Size;Away_Market Value total;Away_Market Value avg;FTHG (Full Time Home Team Goals9;FTAG (Full Time Away Team Goals);FTR (Full Time Result);HTHG (Half Time Home Team Goals);HTAG (Half Time Away Team Goals);HTR (Half Time Result);HS (Home Team Shots);AS (Away Team Shots);HAST (Home Team Shots on Target);AST (Away Team Shots on Target);HF (Home Team Fouls Committed);AF (Away Team Fouls Committed);HC (Home Team Corners);AC (Away Team Corners);HY (Home Team Yellow Cards);AY (Away Team Yellow Cards);HR (Home Team Red Cards);AR (Away Team Red Cards);Home #Win;Home #Draw;Home #Defeat;Away #Win;Away #Draw;Away #Defeat;Home goals scored;Home goals collected;Away goals scored;Away goals collected;Home Position in the table;Away Position in the table
D1;24.08.2018;FC Bayern München;1899 Hoffenheim;24.08.18_FC Bayern München_1899 Hoffenheim;24;844,65;35,19;30;200,80;6,69;3;1;Home Win;1;0;Home Win;16;8;5;5;2;21;7;2;1;4;0;0;0;0;0;0;0;0;0;0;0;0;0;0
D1;25.08.2018;Fortuna Düsseldorf;FC Augsburg;25.08.18_Fortuna Düsseldorf_FC Augsburg;30;35,50;1,18;31;96,35;3,11;1;2;Away Win;1;0;Home Win;9;14;5;7;11;10;7;5;1;0;0;0;0;0;0;0;0;0;0;0;0;0;0;0
D1;25.08.2018;SC Freiburg;Eintracht Frankfurt;25.08.18_SC Freiburg_Eintracht Frankfurt;28;83,13;2,97;36;126,75;3,52;0;2;Away Win;0;1;Away Win;22;10;6;2;7;12;6;4;1;2;0;0;0;0;0;0;0;0;0;0;0;0;0;0
D1;25.08.2018;Hertha BSC Berlin;1. FC Nürnberg;25.08.18_Hertha BSC Berlin_1. FC Nürnberg;33;119,25;3,61;24;28,28;1,18;1;0;Home Win;1;0;Home Win;10;12;3;3;13;10;8;4;2;2;0;0;0;0;0;0;0;0;0;0;0;0;0;0
D1;25.08.2018;Borussia Mönchengladbach;Bayer 04 Leverkusen;25.08.18_Borussia Mönchengladbach_Bayer 04 Leverkusen;30;197,53;6,58;27;364,70;13,51;2;0;Home Win;0;0;Draw;17;13;7;3;10;10;9;5;1;2;0;0;0;0;0;0;0;0;0;0;0;0;0;0
D1;25.08.2018;Werder Bremen;Hannover 96;25.08.18_Werder Bremen_Hannover 96;32;111,40;3,48;27;34,13;1,26;1;1;Draw;0;0;Draw;15;13;3;4;5;6;4;3;0;0;0;0;0;0;0;0;0;0;0;0;0;0;0;0
D1;25.08.2018;VfL Wolfsburg;FC Schalke 04;25.08.18_VfL Wolfsburg_FC Schalke 04;34;140,30;4,13;27;245,70;9,10;2;1;Home Win;1;0;Home Win;11;9;7;4;16;11;7;2;5;3;0;1;0;0;0;0;0;0;0;0;0;0;0;0
D1;26.08.2018;Borussia Dortmund;RB Leipzig;26.08.18_Borussia Dortmund_RB Leipzig;29;378,25;13,04;28;298,65;10,67;4;1;Home Win;3;1;Home Win;10;10;5;7;8;11;7;9;2;2;0;0;0;0;0;0;0;0;0;0;0;0;0;0
D1;26.08.2018;FSV Mainz 05;VfB Stuttgart;26.08.18_FSV Mainz 05_VfB Stuttgart;28;84,48;3,02;25;59,40;2,38;1;0;Home Win;0;0;Draw;8;12;3;3;15;6;6;3;1;2;0;0;0;0;0;0;0;0;0;0;0;0;0;0
D1;31.08.2018;Hannover 96;Borussia Dortmund;31.08.18_Hannover 96_Borussia Dortmund;26;34,13;1,31;29;412,30;14,22;0;0;Draw;0;0;Draw;7;8;0;3;11;5;4;1;0;0;0;0;0;1;0;1;0;0;1;1;4;1;11;7
D1;01.09.2018;FC Augsburg;Borussia Mönchengladbach;01.09.18_FC Augsburg_Borussia Mönchengladbach;31;100,80;3,25;30;209,65;6,99;1;1;Draw;1;0;Home Win;18;7;7;2;12;12;9;4;1;2;0;0;1;0;0;1;0;0;2;1;2;0;13;7
D1;01.09.2018;Eintracht Frankfurt;Werder Bremen;01.09.18_Eintracht Frankfurt_Werder Bremen;36;147,90;4,11;33;118,40;3,59;1;2;Away Win;0;1;Away Win;5;11;1;6;6;11;8;3;1;2;1;0;1;0;0;0;1;0;2;0;1;1;5;3
D1;01.09.2018;1899 Hoffenheim;SC Freiburg;01.09.18_1899 Hoffenheim_SC Freiburg;30;214,45;7,15;29;85,65;2,95;3;1;Home Win;0;1;Away Win;20;9;7;4;13;14;6;4;1;2;0;0;0;0;1;0;0;1;1;3;0;2;15;16
D1;01.09.2018;Bayer 04 Leverkusen;VfL Wolfsburg;01.09.18_Bayer 04 Leverkusen_VfL Wolfsburg;26;377,20;14,51;31;149,05;4,81;1;3;Away Win;1;1;Draw;16;12;3;5;13;13;5;3;3;3;0;0;0;0;1;1;0;0;0;2;2;1;16;5
D1;01.09.2018;1. FC Nürnberg;FSV Mainz 05;01.09.18_1. FC Nürnberg_FSV Mainz 05;27;28,28;1,05;27;101,75;3,77;1;1;Draw;0;1;Away Win;19;6;4;1;10;11;5;1;2;2;0;0;0;0;1;1;0;0;0;1;1;0;18;11
D1;01.09.2018;VfB Stuttgart;FC Bayern München;01.09.18_VfB Stuttgart_FC Bayern München;23;59,40;2,58;23;827,80;35,99;0;3;Away Win;0;1;Away Win;4;20;0;6;3;5;0;12;0;0;0;0;0;0;1;1;0;0;0;1;3;1;3;9
D1;02.09.2018;RB Leipzig;Fortuna Düsseldorf;02.09.18_RB Leipzig_Fortuna Düsseldorf;24;316,00;13,17;30;38,95;1,30;1;1;Draw;0;0;Draw;23;14;7;8;11;15;3;3;1;4;0;0;0;0;1;0;0;1;1;4;1;2;13;2
D1;02.09.2018;FC Schalke 04;Hertha BSC Berlin;02.09.18_FC Schalke 04_Hertha BSC Berlin;28;256,40;9,16;35;135,53;3,87;0;2;Away Win;0;1;Away Win;16;5;4;3;16;15;9;0;1;1;1;0;0;0;1;1;0;0;1;2;1;0;9;1
D1;14.09.2018;Borussia Dortmund;Eintracht Frankfurt;14.09.18_Borussia Dortmund_Eintracht Frankfurt;29;378,25;13,04;36;126,75;3,52;3;1;Home Win;1;0;Home Win;10;5;6;2;11;11;7;1;0;1;0;0;1;1;0;1;0;1;4;1;1;4;4;9
D1;15.09.2018;FC Bayern München;Bayer 04 Leverkusen;15.09.18_FC Bayern München_Bayer 04 Leverkusen;24;844,65;35,19;27;364,70;13,51;3;1;Home Win;2;1;Home Win;18;3;5;1;4;12;9;1;0;1;0;1;2;0;0;0;0;2;4;2;2;7;1;16
D1;15.09.2018;Fortuna Düsseldorf;1899 Hoffenheim;15.09.18_Fortuna Düsseldorf_1899 Hoffenheim;30;35,50;1,18;30;200,80;6,69;2;1;Home Win;1;0;Home Win;8;18;4;5;10;19;0;9;1;2;0;0;0;1;1;1;0;1;2;1;4;4;12;10
D1;15.09.2018;FSV Mainz 05;FC Augsburg;15.09.18_FSV Mainz 05_FC Augsburg;28;84,48;3,02;31;96,35;3,11;2;1;Home Win;0;0;Draw;22;13;7;4;9;16;5;4;1;2;0;0;1;1;0;1;1;0;2;3;1;3;8;6
D1;15.09.2018;Borussia Mönchengladbach;FC Schalke 04;15.09.18_Borussia Mönchengladbach_FC Schalke 04;30;197,53;6,58;27;245,70;9,10;2;1;Home Win;1;0;Home Win;15;15;4;6;5;12;6;6;0;4;0;0;1;1;0;0;0;2;6;2;2;0;5;15
D1;15.09.2018;RB Leipzig;Hannover 96;15.09.18_RB Leipzig_Hannover 96;24;316,00;13,17;27;34,13;1,26;3;2;Home Win;2;1;Home Win;15;16;6;8;12;12;4;12;4;4;0;0;0;1;1;0;2;0;2;3;0;3;14;11
D1;15.09.2018;VfL Wolfsburg;Hertha BSC Berlin;15.09.18_VfL Wolfsburg_Hertha BSC Berlin;34;140,30;4,13;35;135,53;3,87;2;2;Draw;0;0;Draw;15;9;6;5;10;13;7;2;1;2;0;0;2;0;0;2;0;0;3;3;2;0;2;3
D1;16.09.2018;SC Freiburg;VfB Stuttgart;16.09.18_SC Freiburg_VfB Stuttgart;28;83,13;2,97;25;59,40;2,38;3;3;Draw;1;1;Draw;12;11;5;6;13;11;5;8;3;4;1;0;0;0;2;0;0;2;2;4;3;2;16;18
D1;16.09.2018;Werder Bremen;1. FC Nürnberg;16.09.18_Werder Bremen_1. FC Nürnberg;32;111,40;3,48;24;28,28;1,18;1;1;Draw;1;0;Home Win;14;11;2;2;17;5;4;7;2;0;0;0;1;1;0;0;1;1;4;0;1;3;6;13
D1;21.09.2018;VfB Stuttgart;Fortuna Düsseldorf;21.09.18_VfB Stuttgart_Fortuna Düsseldorf;23;59,40;2,58;30;38,95;1,30;0;0;Draw;0;0;Draw;10;19;1;7;8;19;2;9;0;2;0;0;0;1;2;1;1;1;4;4;4;2;16;9
D1;22.09.2018;FC Augsburg;Werder Bremen;22.09.18_FC Augsburg_Werder Bremen;31;100,80;3,25;33;118,40;3,59;2;3;Away Win;1;2;Away Win;21;12;7;7;10;11;7;4;2;2;0;0;1;1;1;1;2;0;2;4;6;2;8;7
D1;22.09.2018;Hertha BSC Berlin;Borussia Mönchengladbach;22.09.18_Hertha BSC Berlin_Borussia Mönchengladbach;33;119,25;3,61;30;209,65;6,99;4;2;Home Win;2;1;Home Win;16;17;7;4;9;13;8;7;2;2;0;0;2;1;0;2;1;0;5;3;8;3;5;4
D1;22.09.2018;1899 Hoffenheim;Borussia Dortmund;22.09.18_1899 Hoffenheim_Borussia Dortmund;30;214,45;7,15;29;412,30;14,22;1;1;Draw;1;0;Home Win;17;8;5;2;12;10;4;4;2;1;0;1;1;0;2;2;1;0;5;6;7;2;11;2
D1;22.09.2018;1. FC Nürnberg;Hannover 96;22.09.18_1. FC Nürnberg_Hannover 96;27;28,28;1,05;27;34,13;1,26;2;0;Home Win;0;0;Draw;14;9;6;3;16;7;9;3;3;1;0;1;0;2;1;0;2;1;3;5;2;6;14;13
D1;22.09.2018;FC Schalke 04;FC Bayern München;22.09.18_FC Schalke 04_FC Bayern München;28;256,40;9,16;23;827,80;35,99;0;2;Away Win;0;1;Away Win;10;14;2;7;12;11;0;8;2;1;0;0;0;0;3;3;0;0;3;2;7;3;17;1
D1;22.09.2018;VfL Wolfsburg;SC Freiburg;22.09.18_VfL Wolfsburg_SC Freiburg;34;140,30;4,13;29;85,65;2,95;1;3;Away Win;0;2;Away Win;17;12;9;8;12;17;7;7;0;3;0;0;2;1;0;0;1;2;6;6;4;5;3;15
D1;23.09.2018;Eintracht Frankfurt;RB Leipzig;23.09.18_Eintracht Frankfurt_RB Leipzig;36;147,90;4,11;28;298,65;10,67;1;1;Draw;1;0;Home Win;8;9;5;2;14;8;4;2;1;1;0;0;1;0;2;1;1;1;2;7;5;5;12;6
D1;23.09.2018;Bayer 04 Leverkusen;FSV Mainz 05;23.09.18_Bayer 04 Leverkusen_FSV Mainz 05;26;377,20;14,51;27;101,75;3,77;1;0;Home Win;0;0;Draw;18;12;5;5;12;13;7;4;2;2;0;0;0;0;3;2;1;0;3;10;3;4;18;6
D1;25.09.2018;FC Bayern München;FC Augsburg;25.09.18_FC Bayern München_FC Augsburg;24;844,65;35,19;31;96,35;3,11;1;1;Draw;0;0;Draw;16;12;8;4;6;15;8;4;3;2;0;0;4;0;0;1;1;2;9;3;4;7;1;11
D1;25.09.2018;SC Freiburg;FC Schalke 04;25.09.18_SC Freiburg_FC Schalke 04;28;83,13;2,97;27;245,70;9,10;1;0;Home Win;0;0;Draw;15;15;4;3;12;11;3;3;2;4;0;0;1;1;2;0;0;4;7;6;3;4;14;18
D1;25.09.2018;Hannover 96;1899 Hoffenheim;25.09.18_Hannover 96_1899 Hoffenheim;26;34,13;1,31;30;200,80;6,69;1;3;Away Win;0;1;Away Win;17;17;8;9;12;13;8;5;2;2;0;0;0;2;2;1;1;2;2;8;6;7;16;11
D1;25.09.2018;Werder Bremen;Hertha BSC Berlin;25.09.18_Werder Bremen_Hertha BSC Berlin;32;111,40;3,48;35;135,53;3,87;3;1;Home Win;2;0;Home Win;14;12;6;2;13;9;2;3;1;3;0;0;2;2;0;3;1;0;9;4;9;5;4;2
D1;26.09.2018;Borussia Dortmund;1. FC Nürnberg;26.09.18_Borussia Dortmund_1. FC Nürnberg;29;378,25;13,04;24;28,28;1,18;7;0;Home Win;2;0;Home Win;19;4;10;1;6;10;4;5;0;2;0;0;2;2;0;1;2;1;8;3;5;5;3;8
D1;26.09.2018;Fortuna Düsseldorf;Bayer 04 Leverkusen;26.09.18_Fortuna Düsseldorf_Bayer 04 Leverkusen;30;35,50;1,18;27;364,70;13,51;1;2;Away Win;0;0;Draw;16;6;4;3;6;12;7;5;2;2;0;0;1;2;1;1;0;3;4;2;4;10;9;15
D1;26.09.2018;FSV Mainz 05;VfL Wolfsburg;26.09.18_FSV Mainz 05_VfL Wolfsburg;28;84,48;3,02;31;149,05;4,81;0;0;Draw;0;0;Draw;11;12;2;4;13;15;5;11;1;2;0;0;2;1;1;2;1;1;3;5;7;9;7;5
D1;26.09.2018;Borussia Mönchengladbach;Eintracht Frankfurt;26.09.18_Borussia Mönchengladbach_Eintracht Frankfurt;30;197,53;6,58;36;126,75;3,52;3;1;Home Win;0;0;Draw;21;12;9;2;7;11;9;6;0;0;0;0;2;1;1;1;1;2;10;7;3;8;6;13
D1;26.09.2018;RB Leipzig;VfB Stuttgart;26.09.18_RB Leipzig_VfB Stuttgart;24;316,00;13,17;25;59,40;2,38;2;0;Home Win;1;0;Home Win;18;9;8;0;11;8;4;2;2;3;0;0;1;2;1;0;2;2;6;6;4;4;10;17
D1;28.09.2018;Hertha BSC Berlin;FC Bayern München;28.09.18_Hertha BSC Berlin_FC Bayern München;33;119,25;3,61;23;827,80;35,99;2;0;Home Win;2;0;Home Win;6;25;4;5;14;10;1;14;3;1;0;0;3;1;1;4;1;0;10;8;10;4;4;1
D1;29.09.2018;1899 Hoffenheim;RB Leipzig;29.09.18_1899 Hoffenheim_RB Leipzig;30;214,45;7,15;28;298,65;10,67;1;2;Away Win;0;0;Draw;13;18;6;7;4;14;4;8;1;3;0;0;2;1;2;2;2;1;9;8;8;6;9;8
D1;29.09.2018;Bayer 04 Leverkusen;Borussia Dortmund;29.09.18_Bayer 04 Leverkusen_Borussia Dortmund;26;377,20;14,51;29;412,30;14,22;2;4;Away Win;2;0;Home Win;14;16;6;10;11;12;6;8;1;1;0;0;2;0;3;3;2;0;6;11;15;3;11;2
D1;29.09.2018;1. FC Nürnberg;Fortuna Düsseldorf;29.09.18_1. FC Nürnberg_Fortuna Düsseldorf;27;28,28;1,05;30;38,95;1,30;3;0;Home Win;1;0;Home Win;10;13;6;4;10;9;4;4;0;2;0;0;1;2;2;1;2;2;5;12;5;4;14;13
D1;29.09.2018;FC Schalke 04;FSV Mainz 05;29.09.18_FC Schalke 04_FSV Mainz 05;28;256,40;9,16;27;101,75;3,77;1;0;Home Win;1;0;Home Win;15;15;2;5;22;21;4;5;2;2;0;0;0;0;5;2;2;1;3;5;3;5;18;7
D1;29.09.2018;VfB Stuttgart;Werder Bremen;29.09.18_VfB Stuttgart_Werder Bremen;23;59,40;2,58;33;118,40;3,59;2;1;Home Win;1;0;Home Win;18;14;5;3;15;14;6;8;3;4;0;1;0;2;3;3;2;0;4;6;12;5;17;3
D1;29.09.2018;VfL Wolfsburg;Borussia Mönchengladbach;29.09.18_VfL Wolfsburg_Borussia Mönchengladbach;34;140,30;4,13;30;209,65;6,99;2;2;Draw;1;1;Draw;13;10;3;3;6;14;6;3;2;2;0;0;2;2;1;3;1;1;7;9;13;8;6;4
D1;30.09.2018;FC Augsburg;SC Freiburg;30.09.18_FC Augsburg_SC Freiburg;31;100,80;3,25;29;85,65;2,95;4;1;Home Win;2;0;Home Win;21;13;10;6;12;8;5;3;0;1;0;0;1;2;2;2;1;2;5;8;8;6;12;10
D1;30.09.2018;Eintracht Frankfurt;Hannover 96;30.09.18_Eintracht Frankfurt_Hannover 96;36;147,90;4,11;27;34,13;1,26;4;1;Home Win;2;0;Home Win;15;4;7;1;16;11;3;4;1;2;0;0;1;1;3;0;2;3;4;11;3;11;15;16
D1;05.10.2018;Werder Bremen;VfL Wolfsburg;05.10.18_Werder Bremen_VfL Wolfsburg;32;111,40;3,48;31;149,05;4,81;2;0;Home Win;1;0;Home Win;15;10;5;4;12;13;7;5;1;2;0;0;3;2;1;2;3;1;13;7;9;11;5;7
D1;06.10.2018;FC Bayern München;Borussia Mönchengladbach;06.10.18_FC Bayern München_Borussia Mönchengladbach;24;844,65;35,19;30;209,65;6,99;0;3;Away Win;0;2;Away Win;14;7;3;3;7;4;1;3;2;2;0;0;4;1;1;3;2;1;10;6;15;10;2;4
D1;06.10.2018;Borussia Dortmund;FC Augsburg;06.10.18_Borussia Dortmund_FC Augsburg;29;378,25;13,04;31;96,35;3,11;4;3;Home Win;0;1;Away Win;20;12;8;6;5;29;9;6;1;7;0;0;4;2;0;2;2;2;19;5;9;9;1;8
D1;06.10.2018;Fortuna Düsseldorf;FC Schalke 04;06.10.18_Fortuna Düsseldorf_FC Schalke 04;30;35,50;1,18;27;245,70;9,10;0;2;Away Win;0;0;Draw;9;15;3;5;17;15;4;6;3;1;0;0;1;2;3;1;0;5;5;7;4;5;15;16
D1;06.10.2018;Hannover 96;VfB Stuttgart;06.10.18_Hannover 96_VfB Stuttgart;26;34,13;1,31;25;59,40;2,38;3;1;Home Win;2;0;Home Win;15;11;6;5;16;11;5;7;1;2;0;0;0;2;4;1;2;3;4;15;6;7;18;16
D1;06.10.2018;FSV Mainz 05;Hertha BSC Berlin;06.10.18_FSV Mainz 05_Hertha BSC Berlin;28;84,48;3,02;35;135,53;3,87;0;0;Draw;0;0;Draw;23;11;3;1;12;9;5;6;0;2;0;0;2;2;2;4;1;1;3;6;12;8;9;3
D1;07.10.2018;SC Freiburg;Bayer 04 Leverkusen;07.10.18_SC Freiburg_Bayer 04 Leverkusen;28;83,13;2,97;27;364,70;13,51;0;0;Draw;0;0;Draw;7;14;1;0;11;12;3;4;3;1;0;0;2;1;3;2;0;4;9;10;8;15;13;14
D1;07.10.2018;1899 Hoffenheim;Eintracht Frankfurt;07.10.18_1899 Hoffenheim_Eintracht Frankfurt;30;214,45;7,15;36;126,75;3,52;1;2;Away Win;0;1;Away Win;20;6;4;4;15;16;6;0;2;4;0;1;2;1;3;2;1;3;10;10;8;12;11;11
D1;07.10.2018;RB Leipzig;1. FC Nürnberg;07.10.18_RB Leipzig_1. FC Nürnberg;24;316,00;13,17;24;28,28;1,18;6;0;Home Win;4;0;Home Win;18;3;8;0;11;12;6;1;0;1;0;1;3;2;1;2;2;2;10;7;8;12;6;10
D1;19.10.2018;Eintracht Frankfurt;Fortuna Düsseldorf;19.10.18_Eintracht Frankfurt_Fortuna Düsseldorf;36;147,90;4,11;30;38,95;1,30;7;1;Home Win;3;0;Home Win;21;10;13;5;13;12;5;1;0;2;0;0;3;1;3;1;2;4;12;11;5;11;7;17
D1;20.10.2018;FC Augsburg;RB Leipzig;20.10.18_FC Augsburg_RB Leipzig;31;100,80;3,25;28;298,65;10,67;0;0;Draw;0;0;Draw;6;15;0;3;20;24;2;2;2;5;0;0;2;2;3;4;2;1;14;13;16;9;10;2
D1;20.10.2018;Bayer 04 Leverkusen;Hannover 96;20.10.18_Bayer 04 Leverkusen_Hannover 96;26;377,20;14,51;27;34,13;1,26;2;2;Draw;1;1;Draw;19;9;7;7;14;18;9;5;1;5;0;1;2;1;4;1;2;4;7;13;8;14;14;16
D1;20.10.2018;1. FC Nürnberg;1899 Hoffenheim;20.10.18_1. FC Nürnberg_1899 Hoffenheim;27;28,28;1,05;30;200,80;6,69;1;3;Away Win;1;0;Home Win;7;20;2;12;8;9;1;7;4;2;0;0;2;2;3;2;1;4;7;16;11;12;12;13
D1;20.10.2018;FC Schalke 04;Werder Bremen;20.10.18_FC Schalke 04_Werder Bremen;28;256,40;9,16;33;118,40;3,59;0;2;Away Win;0;1;Away Win;14;8;4;3;13;9;3;1;1;4;0;0;2;0;5;4;2;1;5;9;13;8;15;4
D1;20.10.2018;VfB Stuttgart;Borussia Dortmund;20.10.18_VfB Stuttgart_Borussia Dortmund;23;59,40;2,58;29;412,30;14,22;0;4;Away Win;0;3;Away Win;13;12;5;4;7;5;10;2;0;0;0;0;1;2;4;5;2;0;6;13;23;8;18;1
D1;20.10.2018;VfL Wolfsburg;FC Bayern München;20.10.18_VfL Wolfsburg_FC Bayern München;34;140,30;4,13;23;827,80;35,99;1;3;Away Win;0;1;Away Win;8;13;1;11;9;12;2;9;2;4;0;1;2;3;2;4;1;2;10;11;12;8;9;6
D1;21.10.2018;Hertha BSC Berlin;SC Freiburg;21.10.18_Hertha BSC Berlin_SC Freiburg;33;119,25;3,61;29;85,65;2,95;1;1;Draw;1;1;Draw;13;8;5;3;12;14;8;3;2;0;0;0;4;2;1;2;2;3;12;7;9;13;5;11
D1;21.10.2018;Borussia Mönchengladbach;FSV Mainz 05;21.10.18_Borussia Mönchengladbach_FSV Mainz 05;30;197,53;6,58;27;101,75;3,77;4;0;Home Win;1;0;Home Win;16;13;8;4;4;10;4;6;0;2;0;0;4;2;1;2;3;2;15;9;4;4;3;8
D1;26.10.2018;SC Freiburg;Borussia Mönchengladbach;26.10.18_SC Freiburg_Borussia Mönchengladbach;28;83,13;2,97;30;209,65;6,99;3;1;Home Win;1;1;Draw;13;11;7;2;9;12;3;10;1;1;0;0;2;3;3;5;2;1;10;14;19;9;11;2
D1;27.10.2018;Borussia Dortmund;Hertha BSC Berlin;27.10.18_Borussia Dortmund_Hertha BSC Berlin;29;378,25;13,04;35;135,53;3,87;2;2;Draw;1;1;Draw;19;10;5;4;7;15;8;2;2;3;0;0;6;2;0;4;3;1;27;8;13;8;1;6
D1;27.10.2018;Fortuna Düsseldorf;VfL Wolfsburg;27.10.18_Fortuna Düsseldorf_VfL Wolfsburg;30;35,50;1,18;31;149,05;4,81;0;3;Away Win;0;1;Away Win;8;18;1;6;12;11;4;9;3;6;0;0;1;2;5;2;3;3;6;18;11;14;18;10
D1;27.10.2018;Hannover 96;FC Augsburg;27.10.18_Hannover 96_FC Augsburg;26;34,13;1,31;31;96,35;3,11;1;2;Away Win;0;1;Away Win;17;9;4;4;15;16;5;4;2;3;0;0;1;3;4;2;3;3;10;16;14;13;15;9
D1;27.10.2018;1899 Hoffenheim;VfB Stuttgart;27.10.18_1899 Hoffenheim_VfB Stuttgart;30;214,45;7,15;25;59,40;2,38;4;0;Home Win;0;0;Draw;22;6;10;0;11;9;6;3;1;1;0;1;3;1;4;1;2;5;14;13;6;17;8;17
D1;27.10.2018;FSV Mainz 05;FC Bayern München;27.10.18_FSV Mainz 05_FC Bayern München;28;84,48;3,02;23;827,80;35,99;1;2;Away Win;0;1;Away Win;6;21;1;5;13;6;2;7;3;1;0;0;2;3;3;5;1;2;4;8;15;9;12;4
D1;28.10.2018;1. FC Nürnberg;Eintracht Frankfurt;28.10.18_1. FC Nürnberg_Eintracht Frankfurt;27;28,28;1,05;36;126,75;3,52;1;1;Draw;0;0;Draw;10;10;3;2;11;13;8;6;2;3;0;0;1;3;4;4;1;3;8;19;19;12;14;7
D1;28.10.2018;RB Leipzig;FC Schalke 04;28.10.18_RB Leipzig_FC Schalke 04;24;316,00;13,17;27;245,70;9,10;0;0;Draw;0;0;Draw;15;6;2;0;11;13;7;4;3;2;0;0;4;3;1;2;0;6;16;9;5;11;5;16
D1;28.10.2018;Werder Bremen;Bayer 04 Leverkusen;28.10.18_Werder Bremen_Bayer 04 Leverkusen;32;111,40;3,48;27;364,70;13,51;2;6;Away Win;0;3;Away Win;14;17;6;10;9;8;6;6;2;2;0;0;5;2;1;2;2;4;15;8;9;15;3;13
D1;02.11.2018;VfB Stuttgart;Eintracht Frankfurt;02.11.18_VfB Stuttgart_Eintracht Frankfurt;23;59,40;2,58;36;126,75;3,52;0;3;Away Win;0;2;Away Win;10;15;0;7;4;10;1;3;1;2;0;0;1;2;6;4;2;3;6;21;20;13;18;7
D1;03.11.2018;FC Augsburg;1. FC Nürnberg;03.11.18_FC Augsburg_1. FC Nürnberg;31;100,80;3,25;24;28,28;1,18;2;2;Draw;1;0;Home Win;17;13;4;5;16;11;6;6;3;3;0;0;3;3;3;2;3;4;16;14;9;20;9;14
D1;03.11.2018;FC Bayern München;SC Freiburg;03.11.18_FC Bayern München_SC Freiburg;24;844,65;35,19;29;85,65;2,95;1;1;Draw;0;0;Draw;24;10;6;1;9;8;14;2;1;1;0;0;6;1;2;3;3;3;17;10;13;15;2;11
D1;03.11.2018;Hertha BSC Berlin;RB Leipzig;03.11.18_Hertha BSC Berlin_RB Leipzig;33;119,25;3,61;28;298,65;10,67;0;3;Away Win;0;1;Away Win;12;25;5;11;6;11;3;7;2;1;0;0;4;4;1;4;4;1;15;10;16;9;6;5
D1;03.11.2018;Bayer 04 Leverkusen;1899 Hoffenheim;03.11.18_Bayer 04 Leverkusen_1899 Hoffenheim;26;377,20;14,51;30;200,80;6,69;1;4;Away Win;1;2;Away Win;21;10;9;4;6;17;6;7;0;2;0;0;3;2;4;4;1;4;15;17;18;13;12;8
D1;03.11.2018;FC Schalke 04;Hannover 96;03.11.18_FC Schalke 04_Hannover 96;28;256,40;9,16;27;34,13;1,26;3;1;Home Win;0;0;Draw;16;20;6;6;10;10;7;7;2;3;0;0;2;1;6;1;3;5;5;11;11;18;15;16
D1;03.11.2018;VfL Wolfsburg;Borussia Dortmund;03.11.18_VfL Wolfsburg_Borussia Dortmund;34;140,30;4,13;29;412,30;14,22;0;1;Away Win;0;1;Away Win;13;12;3;1;6;9;6;14;0;2;0;0;3;3;3;6;3;0;14;14;29;10;10;1
D1;04.11.2018;FSV Mainz 05;Werder Bremen;04.11.18_FSV Mainz 05_Werder Bremen;28;84,48;3,02;33;118,40;3,59;2;1;Home Win;1;0;Home Win;13;14;6;4;7;8;3;6;0;2;0;0;2;3;4;5;2;2;5;10;17;14;13;4
D1;04.11.2018;Borussia Mönchengladbach;Fortuna Düsseldorf;04.11.18_Borussia Mönchengladbach_Fortuna Düsseldorf;30;197,53;6,58;30;38,95;1,30;3;0;Home Win;0;0;Draw;21;13;7;6;15;8;10;4;1;2;0;0;5;2;2;1;2;6;20;12;6;21;3;17
D1;09.11.2018;Hannover 96;VfL Wolfsburg;09.11.18_Hannover 96_VfL Wolfsburg;26;34,13;1,31;31;149,05;4,81;2;1;Home Win;1;0;Home Win;10;19;4;9;14;8;3;5;4;2;0;0;1;3;6;3;3;4;12;21;14;15;16;11
D1;10.11.2018;Borussia Dortmund;FC Bayern München;10.11.18_Borussia Dortmund_FC Bayern München;29;378,25;13,04;23;827,80;35,99;3;2;Home Win;0;1;Away Win;11;9;5;3;4;8;0;6;3;3;0;0;7;3;0;6;2;2;30;10;18;11;1;3
D1;10.11.2018;Fortuna Düsseldorf;Hertha BSC Berlin;10.11.18_Fortuna Düsseldorf_Hertha BSC Berlin;30;35,50;1,18;35;135,53;3,87;4;1;Home Win;0;0;Draw;20;11;9;5;15;15;2;6;1;3;0;1;1;2;7;4;4;2;6;24;15;13;17;8
D1;10.11.2018;SC Freiburg;FSV Mainz 05;10.11.18_SC Freiburg_FSV Mainz 05;28;83,13;2,97;27;101,75;3,77;1;3;Away Win;0;2;Away Win;15;12;4;9;19;10;3;4;1;2;0;0;3;4;3;3;3;4;14;16;7;11;10;12
D1;10.11.2018;1899 Hoffenheim;FC Augsburg;10.11.18_1899 Hoffenheim_FC Augsburg;30;214,45;7,15;31;96,35;3,11;2;1;Home Win;0;0;Draw;18;22;7;7;14;6;6;6;1;1;0;0;5;1;4;3;4;3;22;14;18;16;7;9
D1;10.11.2018;1. FC Nürnberg;VfB Stuttgart;10.11.18_1. FC Nürnberg_VfB Stuttgart;27;28,28;1,05;25;59,40;2,38;0;2;Away Win;0;0;Draw;10;13;3;4;14;10;3;9;1;0;0;0;2;4;4;1;2;7;11;22;6;24;15;18
D1;10.11.2018;Werder Bremen;Borussia Mönchengladbach;10.11.18_Werder Bremen_Borussia Mönchengladbach;32;111,40;3,48;30;209,65;6,99;1;3;Away Win;0;1;Away Win;20;16;5;6;7;2;9;5;0;0;0;0;5;2;3;6;2;2;18;16;23;12;6;2
D1;11.11.2018;Eintracht Frankfurt;FC Schalke 04;11.11.18_Eintracht Frankfurt_FC Schalke 04;36;147,90;4,11;27;245,70;9,10;3;0;Home Win;0;0;Draw;14;5;4;1;7;13;10;4;0;2;0;0;5;2;3;3;1;6;23;13;8;12;5;14
D1;11.11.2018;RB Leipzig;Bayer 04 Leverkusen;11.11.18_RB Leipzig_Bayer 04 Leverkusen;24;316,00;13,17;27;364,70;13,51;3;0;Home Win;1;0;Home Win;14;7;7;2;12;12;4;3;0;1;0;0;5;4;1;3;2;5;19;9;16;21;4;13
D1;23.11.2018;Bayer 04 Leverkusen;VfB Stuttgart;23.11.18_Bayer 04 Leverkusen_VfB Stuttgart;26;377,20;14,51;25;59,40;2,38;2;0;Home Win;0;0;Draw;17;10;4;2;13;8;6;9;3;3;0;0;3;2;6;2;2;7;16;24;8;24;13;18
D1;24.11.2018;FC Augsburg;Eintracht Frankfurt;24.11.18_FC Augsburg_Eintracht Frankfurt;31;100,80;3,25;36;126,75;3,52;1;3;Away Win;0;1;Away Win;25;15;10;7;3;12;8;5;1;2;0;0;3;4;4;6;2;3;19;18;26;13;10;4
D1;24.11.2018;FC Bayern München;Fortuna Düsseldorf;24.11.18_FC Bayern München_Fortuna Düsseldorf;24;844,65;35,19;30;38,95;1,30;3;3;Draw;2;1;Home Win;17;9;5;5;4;7;9;2;0;1;0;0;6;2;3;2;2;7;20;14;10;25;5;17
D1;24.11.2018;Hertha BSC Berlin;1899 Hoffenheim;24.11.18_Hertha BSC Berlin_1899 Hoffenheim;33;119,25;3,61;30;200,80;6,69;3;3;Draw;1;2;Away Win;23;13;8;6;9;13;8;5;1;2;0;0;4;4;3;6;1;4;16;17;24;15;8;6
D1;24.11.2018;FSV Mainz 05;Borussia Dortmund;24.11.18_FSV Mainz 05_Borussia Dortmund;28;84,48;3,02;29;412,30;14,22;1;2;Away Win;0;0;Draw;15;11;7;7;9;11;6;5;2;1;0;0;4;3;4;8;3;0;10;12;33;12;9;1
D1;24.11.2018;FC Schalke 04;1. FC Nürnberg;24.11.18_FC Schalke 04_1. FC Nürnberg;28;256,40;9,16;24;28,28;1,18;5;2;Home Win;2;1;Home Win;20;12;10;6;7;12;7;2;1;2;0;1;3;1;7;2;4;5;8;15;11;24;14;15
D1;24.11.2018;VfL Wolfsburg;RB Leipzig;24.11.18_VfL Wolfsburg_RB Leipzig;34;140,30;4,13;28;298,65;10,67;1;0;Home Win;0;0;Draw;5;10;3;4;10;13;2;9;1;2;0;0;3;3;5;6;4;1;15;17;22;9;12;3
D1;25.11.2018;SC Freiburg;Werder Bremen;25.11.18_SC Freiburg_Werder Bremen;28;83,13;2,97;33;118,40;3,59;1;1;Draw;1;0;Home Win;23;19;9;8;6;10;6;3;0;2;0;0;3;4;4;5;2;4;15;19;19;19;11;7
D1;25.11.2018;Borussia Mönchengladbach;Hannover 96;25.11.18_Borussia Mönchengladbach_Hannover 96;30;197,53;6,58;27;34,13;1,26;4;1;Home Win;2;1;Home Win;20;5;6;3;8;10;5;5;1;1;0;0;7;2;2;2;3;6;26;13;14;22;2;16
D1;30.11.2018;Fortuna Düsseldorf;FSV Mainz 05;30.11.18_Fortuna Düsseldorf_FSV Mainz 05;30;35,50;1,18;27;101,75;3,77;0;1;Away Win;0;0;Draw;20;15;7;3;8;7;12;5;1;1;0;0;2;3;7;4;3;5;13;28;11;14;17;10
D1;01.12.2018;Borussia Dortmund;SC Freiburg;01.12.18_Borussia Dortmund_SC Freiburg;29;378,25;13,04;29;85,65;2,95;2;0;Home Win;1;0;Home Win;11;5;4;1;6;11;2;3;1;1;0;0;9;3;0;3;5;4;35;13;16;20;1;11
D1;01.12.2018;Hannover 96;Hertha BSC Berlin;01.12.18_Hannover 96_Hertha BSC Berlin;26;34,13;1,31;35;135,53;3,87;0;2;Away Win;0;1;Away Win;10;14;2;8;9;14;3;6;2;3;0;0;2;3;7;4;5;3;15;26;19;20;16;8
D1;01.12.2018;1899 Hoffenheim;FC Schalke 04;01.12.18_1899 Hoffenheim_FC Schalke 04;30;214,45;7,15;27;245,70;9,10;1;1;Draw;0;0;Draw;20;13;7;5;11;13;4;10;3;3;0;0;6;2;4;4;1;7;27;18;13;17;6;14
D1;01.12.2018;VfB Stuttgart;FC Augsburg;01.12.18_VfB Stuttgart_FC Augsburg;23;59,40;2,58;31;96,35;3,11;1;0;Home Win;1;0;Home Win;13;17;3;4;11;10;3;8;4;2;0;0;2;2;8;3;4;5;8;26;20;21;18;13
D1;01.12.2018;Werder Bremen;FC Bayern München;01.12.18_Werder Bremen_FC Bayern München;32;111,40;3,48;23;827,80;35,99;1;2;Away Win;1;1;Draw;9;16;3;5;13;8;3;10;3;2;1;0;5;3;4;6;3;3;20;20;23;17;7;5
D1;02.12.2018;Eintracht Frankfurt;VfL Wolfsburg;02.12.18_Eintracht Frankfurt_VfL Wolfsburg;36;147,90;4,11;31;149,05;4,81;1;2;Away Win;0;1;Away Win;13;10;2;3;10;9;9;3;3;7;0;0;7;2;3;4;3;5;29;14;16;17;3;9
D1;02.12.2018;RB Leipzig;Borussia Mönchengladbach;02.12.18_RB Leipzig_Borussia Mönchengladbach;24;316,00;13,17;30;209,65;6,99;2;0;Home Win;2;0;Home Win;14;7;6;4;9;9;5;4;2;2;0;0;6;4;2;8;2;2;22;10;30;14;4;2
D1;03.12.2018;1. FC Nürnberg;Bayer 04 Leverkusen;03.12.18_1. FC Nürnberg_Bayer 04 Leverkusen;27;28,28;1,05;27;364,70;13,51;1;1;Draw;0;1;Away Win;11;20;4;6;14;10;3;6;3;2;0;0;2;4;6;4;2;6;13;29;18;24;15;12
D1;07.12.2018;Werder Bremen;Fortuna Düsseldorf;07.12.18_Werder Bremen_Fortuna Düsseldorf;32;111,40;3,48;30;38,95;1,30;3;1;Home Win;1;1;Draw;22;12;9;3;13;18;6;4;3;4;0;0;5;3;5;2;3;8;21;22;13;29;9;18
D1;08.12.2018;FC Bayern München;1. FC Nürnberg;08.12.18_FC Bayern München_1. FC Nürnberg;24;844,65;35,19;24;28,28;1,18;3;0;Home Win;2;0;Home Win;20;4;8;1;9;6;11;1;1;0;0;0;7;3;3;2;5;6;25;18;14;30;4;15
D1;08.12.2018;SC Freiburg;RB Leipzig;08.12.18_SC Freiburg_RB Leipzig;28;83,13;2,97;28;298,65;10,67;3;0;Home Win;2;0;Home Win;12;15;9;4;9;16;3;12;1;2;0;0;3;5;5;7;4;2;16;22;24;10;13;3
D1;08.12.2018;Hertha BSC Berlin;Eintracht Frankfurt;08.12.18_Hertha BSC Berlin_Eintracht Frankfurt;33;119,25;3,61;36;126,75;3,52;1;0;Home Win;1;0;Home Win;7;18;4;4;15;14;5;9;1;0;0;0;5;5;3;7;2;4;21;20;30;16;7;5
D1;08.12.2018;Bayer 04 Leverkusen;FC Augsburg;08.12.18_Bayer 04 Leverkusen_FC Augsburg;26;377,20;14,51;31;96,35;3,11;1;0;Home Win;0;0;Draw;21;13;7;1;11;17;4;2;1;2;0;0;4;3;6;3;4;6;19;25;20;22;11;13
D1;08.12.2018;FC Schalke 04;Borussia Dortmund;08.12.18_FC Schalke 04_Borussia Dortmund;28;256,40;9,16;29;412,30;14,22;1;2;Away Win;0;1;Away Win;6;10;3;3;12;9;3;1;4;3;0;0;4;2;7;10;3;0;14;18;37;13;12;1
D1;08.12.2018;VfL Wolfsburg;1899 Hoffenheim;08.12.18_VfL Wolfsburg_1899 Hoffenheim;34;140,30;4,13;30;200,80;6,69;2;2;Draw;2;1;Home Win;10;19;3;6;9;9;6;4;1;2;0;0;5;3;5;6;3;4;18;18;28;19;8;6
D1;09.12.2018;FSV Mainz 05;Hannover 96;09.12.18_FSV Mainz 05_Hannover 96;28;84,48;3,02;27;34,13;1,26;1;1;Draw;0;1;Away Win;28;11;5;3;12;9;9;1;4;3;0;1;5;3;5;2;3;8;12;14;15;28;10;17
D1;09.12.2018;Borussia Mönchengladbach;VfB Stuttgart;09.12.18_Borussia Mönchengladbach_VfB Stuttgart;30;197,53;6,58;25;59,40;2,38;3;0;Home Win;0;0;Draw;23;7;7;2;7;12;7;4;2;4;0;1;8;2;3;3;2;8;30;16;9;26;2;16
D1;14.12.2018;1. FC Nürnberg;VfL Wolfsburg;14.12.18_1. FC Nürnberg_VfL Wolfsburg;27;28,28;1,05;31;149,05;4,81;0;2;Away Win;0;0;Draw;11;10;0;4;13;13;6;3;2;1;0;0;2;5;7;5;4;5;14;33;20;20;15;9
D1;15.12.2018;FC Augsburg;FC Schalke 04;15.12.18_FC Augsburg_FC Schalke 04;31;100,80;3,25;27;245,70;9,10;1;1;Draw;1;0;Home Win;17;15;9;5;17;8;6;7;2;1;0;0;3;4;7;4;2;8;20;23;15;20;14;13
D1;15.12.2018;Borussia Dortmund;Werder Bremen;15.12.18_Borussia Dortmund_Werder Bremen;29;378,25;13,04;33;118,40;3,59;2;1;Home Win;2;1;Home Win;16;9;9;5;11;14;4;10;1;4;0;0;11;3;0;6;3;5;39;14;24;23;1;8
D1;15.12.2018;Fortuna Düsseldorf;SC Freiburg;15.12.18_Fortuna Düsseldorf_SC Freiburg;30;35,50;1,18;29;85,65;2,95;2;0;Home Win;0;0;Draw;20;6;8;2;13;9;4;1;2;1;0;0;2;3;9;4;5;5;14;32;19;22;18;12
D1;15.12.2018;Hannover 96;FC Bayern München;15.12.18_Hannover 96_FC Bayern München;26;34,13;1,31;23;827,80;35,99;0;4;Away Win;0;2;Away Win;3;32;0;14;9;5;0;14;1;0;0;0;2;4;8;8;3;3;16;29;28;18;17;3
D1;15.12.2018;1899 Hoffenheim;Borussia Mönchengladbach;15.12.18_1899 Hoffenheim_Borussia Mönchengladbach;30;214,45;7,15;30;209,65;6,99;0;0;Draw;0;0;Draw;27;5;6;1;9;10;6;2;0;2;0;0;6;4;4;9;2;3;30;21;33;16;7;2
D1;15.12.2018;VfB Stuttgart;Hertha BSC Berlin;15.12.18_VfB Stuttgart_Hertha BSC Berlin;23;59,40;2,58;35;135,53;3,87;2;1;Home Win;0;1;Away Win;9;15;4;3;11;13;5;5;1;3;0;0;3;2;9;6;5;3;9;29;22;20;16;6
D1;16.12.2018;Eintracht Frankfurt;Bayer 04 Leverkusen;16.12.18_Eintracht Frankfurt_Bayer 04 Leverkusen;36;147,90;4,11;27;364,70;13,51;2;1;Home Win;1;0;Home Win;17;12;7;6;9;8;10;7;6;2;0;0;7;2;5;5;3;6;30;17;20;25;5;11
D1;16.12.2018;RB Leipzig;FSV Mainz 05;16.12.18_RB Leipzig_FSV Mainz 05;24;316,00;13,17;27;101,75;3,77;4;1;Home Win;2;1;Home Win;17;11;7;5;9;13;6;2;3;3;0;0;7;4;3;5;4;5;24;13;13;15;4;10
D1;18.12.2018;Fortuna Düsseldorf;Borussia Dortmund;18.12.18_Fortuna Düsseldorf_Borussia Dortmund;30;35,50;1,18;29;412,30;14,22;2;1;Home Win;1;0;Home Win;8;11;3;3;8;13;2;2;1;2;0;0;3;3;9;12;3;0;16;32;41;15;16;1
D1;18.12.2018;Hertha BSC Berlin;FC Augsburg;18.12.18_Hertha BSC Berlin_FC Augsburg;33;119,25;3,61;31;96,35;3,11;2;2;Draw;2;2;Draw;17;8;7;2;17;13;3;2;1;0;0;0;6;5;4;3;5;7;23;22;21;24;7;14
D1;18.12.2018;Borussia Mönchengladbach;1. FC Nürnberg;18.12.18_Borussia Mönchengladbach_1. FC Nürnberg;30;197,53;6,58;24;28,28;1,18;2;0;Home Win;0;0;Draw;17;7;7;2;5;19;6;7;2;3;0;0;9;3;3;2;5;8;33;16;14;35;2;17
D1;18.12.2018;VfL Wolfsburg;VfB Stuttgart;18.12.18_VfL Wolfsburg_VfB Stuttgart;34;140,30;4,13;25;59,40;2,38;2;0;Home Win;2;0;Home Win;16;11;5;1;10;17;4;8;1;2;0;0;6;4;5;4;2;9;22;20;11;30;8;15
D1;19.12.2018;FC Bayern München;RB Leipzig;19.12.18_FC Bayern München_RB Leipzig;24;844,65;35,19;28;298,65;10,67;1;0;Home Win;0;0;Draw;10;8;4;2;9;20;5;5;2;2;1;1;9;3;3;8;4;3;32;18;28;14;3;4
D1;19.12.2018;SC Freiburg;Hannover 96;19.12.18_SC Freiburg_Hannover 96;28;83,13;2,97;27;34,13;1,26;1;1;Draw;1;1;Draw;14;18;7;3;13;14;5;2;0;2;0;0;4;5;6;2;4;9;19;24;16;33;12;18
D1;19.12.2018;FSV Mainz 05;Eintracht Frankfurt;19.12.18_FSV Mainz 05_Eintracht Frankfurt;28;84,48;3,02;36;126,75;3,52;2;2;Draw;2;2;Draw;17;12;6;4;13;15;3;2;3;3;0;0;5;4;6;8;2;5;14;19;32;18;10;5
D1;19.12.2018;FC Schalke 04;Bayer 04 Leverkusen;19.12.18_FC Schalke 04_Bayer 04 Leverkusen;28;256,40;9,16;27;364,70;13,51;1;2;Away Win;1;2;Away Win;18;8;4;5;14;19;7;1;4;4;0;0;4;3;8;5;3;7;16;21;21;27;13;11
D1;19.12.2018;Werder Bremen;1899 Hoffenheim;19.12.18_Werder Bremen_1899 Hoffenheim;32;111,40;3,48;30;200,80;6,69;1;1;Draw;0;1;Away Win;26;14;5;4;7;13;6;3;0;1;0;0;6;3;6;6;5;4;25;25;30;21;9;6
D1;21.12.2018;Borussia Dortmund;Borussia Mönchengladbach;21.12.18_Borussia Dortmund_Borussia Mönchengladbach;29;378,25;13,04;30;209,65;6,99;2;1;Home Win;1;1;Draw;12;3;4;2;5;12;4;2;0;1;0;0;12;3;1;10;3;3;42;17;35;16;1;2
D1;22.12.2018;Eintracht Frankfurt;FC Bayern München;22.12.18_Eintracht Frankfurt_FC Bayern München;36;147,90;4,11;23;827,80;35,99;0;3;Away Win;0;1;Away Win;10;9;3;7;9;4;3;4;2;1;0;0;8;3;5;10;3;3;34;20;33;18;5;3
D1;22.12.2018;Hannover 96;Fortuna Düsseldorf;22.12.18_Hannover 96_Fortuna Düsseldorf;26;34,13;1,31;30;38,95;1,30;0;1;Away Win;0;0;Draw;17;13;3;6;14;19;4;6;2;3;0;0;2;5;9;4;3;9;17;34;18;33;17;15
D1;22.12.2018;Bayer 04 Leverkusen;Hertha BSC Berlin;22.12.18_Bayer 04 Leverkusen_Hertha BSC Berlin;26;377,20;14,51;35;135,53;3,87;3;1;Home Win;2;1;Home Win;15;13;7;8;3;12;4;5;0;1;0;0;6;3;7;6;6;4;23;28;25;24;10;8
D1;22.12.2018;1. FC Nürnberg;SC Freiburg;22.12.18_1. FC Nürnberg_SC Freiburg;27;28,28;1,05;29;85,65;2,95;0;1;Away Win;0;1;Away Win;16;7;3;3;16;16;12;3;2;3;0;0;2;5;9;4;6;6;14;37;20;25;18;12
D1;22.12.2018;RB Leipzig;Werder Bremen;22.12.18_RB Leipzig_Werder Bremen;24;316,00;13,17;33;118,40;3,59;3;2;Home Win;2;0;Home Win;11;15;5;6;15;9;4;4;2;0;0;0;8;4;4;6;4;6;28;15;26;26;4;9
D1;22.12.2018;VfB Stuttgart;FC Schalke 04;22.12.18_VfB Stuttgart_FC Schalke 04;23;59,40;2,58;27;245,70;9,10;1;3;Away Win;0;1;Away Win;17;15;5;6;9;17;2;5;3;5;0;0;4;2;10;4;3;9;11;32;17;23;16;14
D1;23.12.2018;FC Augsburg;VfL Wolfsburg;23.12.18_FC Augsburg_VfL Wolfsburg;31;100,80;3,25;31;149,05;4,81;2;3;Away Win;0;2;Away Win;10;16;4;5;12;11;3;4;2;3;0;0;3;6;7;7;4;5;23;26;24;20;13;6
D1;23.12.2018;1899 Hoffenheim;FSV Mainz 05;23.12.18_1899 Hoffenheim_FSV Mainz 05;30;214,45;7,15;27;101,75;3,77;1;1;Draw;1;1;Draw;28;12;7;5;11;10;9;2;1;0;0;0;6;6;4;5;5;6;31;22;16;21;7;11
D1;18.01.2019;1899 Hoffenheim;FC Bayern München;18.01.19_1899 Hoffenheim_FC Bayern München;30;214,45;7,15;23;827,80;35,99;1;3;Away Win;0;2;Away Win;13;21;5;9;13;9;2;6;3;2;0;0;6;7;4;11;3;3;32;23;36;18;7;2
D1;19.01.2019;FC Augsburg;Fortuna Düsseldorf;19.01.19_FC Augsburg_Fortuna Düsseldorf;31;100,80;3,25;30;38,95;1,30;1;2;Away Win;0;1;Away Win;13;11;6;3;13;9;5;3;3;1;0;0;3;6;8;5;3;9;25;29;19;33;15;14
D1;19.01.2019;Eintracht Frankfurt;SC Freiburg;19.01.19_Eintracht Frankfurt_SC Freiburg;36;147,90;4,11;29;85,65;2,95;3;1;Home Win;3;0;Home Win;9;21;4;7;13;8;5;5;2;1;0;0;8;3;6;5;6;6;34;23;21;25;6;11
D1;19.01.2019;Hannover 96;Werder Bremen;19.01.19_Hannover 96_Werder Bremen;26;34,13;1,31;33;118,40;3,59;0;1;Away Win;0;1;Away Win;10;23;1;13;17;19;7;8;3;1;0;0;2;5;10;6;4;7;12;35;28;29;17;10
D1;19.01.2019;Bayer 04 Leverkusen;Borussia Mönchengladbach;19.01.19_Bayer 04 Leverkusen_Borussia Mönchengladbach;26;377,20;14,51;30;209,65;6,99;0;1;Away Win;0;1;Away Win;22;7;10;3;9;14;10;3;1;2;0;0;7;3;7;10;3;4;26;29;36;18;9;3
D1;19.01.2019;RB Leipzig;Borussia Dortmund;19.01.19_RB Leipzig_Borussia Dortmund;24;316,00;13,17;29;412,30;14,22;0;1;Away Win;0;1;Away Win;12;8;5;4;12;9;6;7;3;2;0;0;9;4;4;13;3;1;31;17;44;18;4;1
D1;19.01.2019;VfB Stuttgart;FSV Mainz 05;19.01.19_VfB Stuttgart_FSV Mainz 05;23;59,40;2,58;27;101,75;3,77;2;3;Away Win;0;2;Away Win;28;14;8;4;9;16;13;8;2;2;0;0;4;2;11;5;6;6;12;35;17;22;16;12
D1;20.01.2019;1. FC Nürnberg;Hertha BSC Berlin;20.01.19_1. FC Nürnberg_Hertha BSC Berlin;27;28,28;1,05;35;135,53;3,87;1;3;Away Win;1;1;Draw;14;16;3;8;13;9;4;4;2;1;0;0;2;5;10;6;6;5;14;38;26;27;18;8
D1;20.01.2019;FC Schalke 04;VfL Wolfsburg;20.01.19_FC Schalke 04_VfL Wolfsburg;28;256,40;9,16;31;149,05;4,81;2;1;Home Win;1;1;Draw;20;12;5;5;11;5;4;6;1;0;0;0;5;3;9;8;4;5;20;24;27;22;13;5
D1;25.01.2019;Hertha BSC Berlin;FC Schalke 04;25.01.19_Hertha BSC Berlin_FC Schalke 04;33;119,25;3,61;27;245,70;9,10;2;2;Draw;2;2;Draw;11;14;4;7;15;10;3;6;2;1;0;0;7;6;5;6;3;9;29;28;22;25;7;12
D1;26.01.2019;Borussia Dortmund;Hannover 96;26.01.19_Borussia Dortmund_Hannover 96;29;378,25;13,04;27;34,13;1,26;5;1;Home Win;1;0;Home Win;18;11;9;3;7;10;6;3;1;1;0;0;14;3;1;2;5;11;45;18;17;36;1;17
D1;26.01.2019;SC Freiburg;1899 Hoffenheim;26.01.19_SC Freiburg_1899 Hoffenheim;28;83,13;2,97;30;200,80;6,69;2;4;Away Win;1;1;Draw;20;16;8;11;17;14;6;1;0;2;0;0;5;6;7;6;7;5;22;28;33;26;13;8
D1;26.01.2019;FSV Mainz 05;1. FC Nürnberg;26.01.19_FSV Mainz 05_1. FC Nürnberg;28;84,48;3,02;24;28,28;1,18;2;1;Home Win;1;1;Draw;20;8;4;3;12;16;5;5;3;1;0;0;6;6;6;2;5;11;20;24;15;41;11;18
D1;26.01.2019;Borussia Mönchengladbach;FC Augsburg;26.01.19_Borussia Mönchengladbach_FC Augsburg;30;197,53;6,58;31;96,35;3,11;2;0;Home Win;0;0;Draw;14;4;6;1;9;15;4;0;2;4;0;0;11;3;4;3;6;9;37;18;26;31;3;15
D1;26.01.2019;Werder Bremen;Eintracht Frankfurt;26.01.19_Werder Bremen_Eintracht Frankfurt;32;111,40;3,48;36;126,75;3,52;2;2;Draw;1;1;Draw;18;8;9;4;11;10;8;3;4;2;0;0;7;4;7;9;3;6;29;29;37;24;9;5
D1;26.01.2019;VfL Wolfsburg;Bayer 04 Leverkusen;26.01.19_VfL Wolfsburg_Bayer 04 Leverkusen;34;140,30;4,13;27;364,70;13,51;0;3;Away Win;0;1;Away Win;10;23;4;14;10;14;5;6;5;3;0;0;8;4;6;7;3;8;28;24;26;30;6;10
D1;27.01.2019;FC Bayern München;VfB Stuttgart;27.01.19_FC Bayern München_VfB Stuttgart;24;844,65;35,19;25;59,40;2,38;4;1;Home Win;1;1;Draw;19;7;6;2;9;9;8;1;1;1;0;0;12;3;3;4;2;12;39;19;14;38;2;16
D1;27.01.2019;Fortuna Düsseldorf;RB Leipzig;27.01.19_Fortuna Düsseldorf_RB Leipzig;30;35,50;1,18;28;298,65;10,67;0;4;Away Win;0;3;Away Win;10;12;0;9;11;11;8;2;1;0;0;0;6;3;9;9;4;5;21;34;31;18;14;4
D1;01.02.2019;Hannover 96;RB Leipzig;01.02.19_Hannover 96_RB Leipzig;26;34,13;1,31;28;298,65;10,67;0;3;Away Win;0;1;Away Win;5;19;1;8;14;17;0;7;2;2;0;0;2;5;12;10;4;5;18;41;35;18;17;4
D1;02.02.2019;Eintracht Frankfurt;Borussia Dortmund;02.02.19_Eintracht Frankfurt_Borussia Dortmund;36;147,90;4,11;29;412,30;14,22;1;1;Draw;1;1;Draw;12;13;7;4;15;6;6;4;2;2;0;0;9;4;6;15;3;1;39;26;50;19;5;1
D1;02.02.2019;Hertha BSC Berlin;VfL Wolfsburg;02.02.19_Hertha BSC Berlin_VfL Wolfsburg;33;119,25;3,61;31;149,05;4,81;0;1;Away Win;0;0;Draw;11;8;4;4;19;12;3;7;3;1;0;0;7;7;5;8;4;7;31;30;28;27;7;8
D1;02.02.2019;1899 Hoffenheim;Fortuna Düsseldorf;02.02.19_1899 Hoffenheim_Fortuna Düsseldorf;30;214,45;7,15;30;38,95;1,30;1;1;Draw;1;0;Home Win;12;8;4;6;22;12;5;5;3;4;0;0;7;7;5;6;3;10;37;28;21;38;6;14
D1;02.02.2019;Bayer 04 Leverkusen;FC Bayern München;02.02.19_Bayer 04 Leverkusen_FC Bayern München;26;377,20;14,51;23;827,80;35,99;3;1;Home Win;0;1;Away Win;11;17;4;6;13;13;7;4;3;2;0;0;8;3;8;13;3;3;29;30;43;20;9;2
D1;02.02.2019;1. FC Nürnberg;Werder Bremen;02.02.19_1. FC Nürnberg_Werder Bremen;27;28,28;1,05;33;118,40;3,59;1;1;Draw;0;0;Draw;11;10;2;3;17;17;3;7;4;1;0;0;2;5;12;7;5;7;16;43;31;31;18;11
D1;02.02.2019;FC Schalke 04;Borussia Mönchengladbach;02.02.19_FC Schalke 04_Borussia Mönchengladbach;28;256,40;9,16;30;209,65;6,99;0;2;Away Win;0;0;Draw;9;16;1;9;9;8;1;6;1;2;1;0;6;4;9;12;3;4;24;27;39;18;12;3
D1;03.02.2019;FC Augsburg;FSV Mainz 05;03.02.19_FC Augsburg_FSV Mainz 05;31;100,80;3,25;27;101,75;3,77;3;0;Home Win;2;0;Home Win;19;6;8;0;18;10;7;3;0;1;0;0;3;6;10;7;6;6;26;33;22;25;15;10
D1;03.02.2019;VfB Stuttgart;SC Freiburg;03.02.19_VfB Stuttgart_SC Freiburg;23;59,40;2,58;29;85,65;2,95;2;2;Draw;0;1;Away Win;17;16;4;4;8;9;7;8;5;0;1;0;4;2;13;5;6;8;15;42;24;32;16;13
D1;08.02.2019;FSV Mainz 05;Bayer 04 Leverkusen;08.02.19_FSV Mainz 05_Bayer 04 Leverkusen;28;84,48;3,02;27;364,70;13,51;1;5;Away Win;1;4;Away Win;15;18;2;7;13;5;4;4;3;1;0;0;7;6;7;9;3;8;22;28;32;31;11;7
D1;09.02.2019;FC Bayern München;FC Schalke 04;09.02.19_FC Bayern München_FC Schalke 04;24;844,65;35,19;27;245,70;9,10;3;1;Home Win;2;1;Home Win;17;7;4;5;8;9;7;2;1;2;0;0;13;3;4;6;4;10;44;23;24;29;3;12
D1;09.02.2019;Borussia Dortmund;1899 Hoffenheim;09.02.19_Borussia Dortmund_1899 Hoffenheim;29;378,25;13,04;30;200,80;6,69;3;3;Draw;2;0;Home Win;16;14;7;6;7;14;7;8;0;3;0;0;15;4;1;7;8;5;51;20;38;29;1;8
D1;09.02.2019;SC Freiburg;VfL Wolfsburg;09.02.19_SC Freiburg_VfL Wolfsburg;28;83,13;2,97;31;149,05;4,81;3;3;Draw;1;1;Draw;10;15;4;4;15;10;9;2;3;2;0;0;5;7;8;9;4;7;26;34;29;27;13;6
D1;09.02.2019;Hannover 96;1. FC Nürnberg;09.02.19_Hannover 96_1. FC Nürnberg;26;34,13;1,31;24;28,28;1,18;2;0;Home Win;1;0;Home Win;18;9;8;1;16;16;4;4;2;2;0;1;2;5;13;2;6;12;18;44;17;44;18;17
D1;09.02.2019;Borussia Mönchengladbach;Hertha BSC Berlin;09.02.19_Borussia Mönchengladbach_Hertha BSC Berlin;30;197,53;6,58;35;135,53;3,87;0;3;Away Win;0;1;Away Win;13;11;4;4;7;11;5;5;0;2;0;0;13;3;4;7;7;6;41;18;31;31;2;9
D1;09.02.2019;RB Leipzig;Eintracht Frankfurt;09.02.19_RB Leipzig_Eintracht Frankfurt;24;316,00;13,17;36;126,75;3,52;0;0;Draw;0;0;Draw;14;6;1;2;9;10;7;4;4;2;0;0;11;4;5;9;5;6;38;18;40;27;4;5
D1;10.02.2019;Fortuna Düsseldorf;VfB Stuttgart;10.02.19_Fortuna Düsseldorf_VfB Stuttgart;30;35,50;1,18;25;59,40;2,38;3;0;Home Win;1;0;Home Win;15;15;6;2;18;8;5;4;3;4;0;1;6;4;10;4;3;13;22;39;17;44;14;16
D1;10.02.2019;Werder Bremen;FC Augsburg;10.02.19_Werder Bremen_FC Augsburg;32;111,40;3,48;31;96,35;3,11;4;0;Home Win;3;0;Home Win;11;13;5;3;5;12;3;2;0;1;0;0;7;6;7;4;6;10;32;32;29;33;10;15
D1;15.02.2019;FC Augsburg;FC Bayern München;15.02.19_FC Augsburg_FC Bayern München;31;100,80;3,25;23;827,80;35,99;2;3;Away Win;2;2;Draw;8;17;2;8;13;12;1;9;1;2;0;0;4;6;11;14;3;4;29;37;47;24;15;2
D1;16.02.2019;Hertha BSC Berlin;Werder Bremen;16.02.19_Hertha BSC Berlin_Werder Bremen;33;119,25;3,61;33;118,40;3,59;1;1;Draw;1;0;Home Win;11;8;2;2;16;11;4;3;3;3;0;0;8;7;6;8;6;7;34;31;36;32;8;10
D1;16.02.2019;1899 Hoffenheim;Hannover 96;16.02.19_1899 Hoffenheim_Hannover 96;30;214,45;7,15;27;34,13;1,26;3;0;Home Win;2;0;Home Win;26;5;11;1;15;6;10;6;0;1;0;0;7;9;5;3;5;13;41;32;20;44;9;17
D1;16.02.2019;FC Schalke 04;SC Freiburg;16.02.19_FC Schalke 04_SC Freiburg;28;256,40;9,16;29;85,65;2,95;0;0;Draw;0;0;Draw;15;12;2;3;10;13;4;9;0;4;1;1;6;4;11;5;8;8;25;32;29;37;14;13
D1;16.02.2019;VfB Stuttgart;RB Leipzig;16.02.19_VfB Stuttgart_RB Leipzig;23;59,40;2,58;28;298,65;10,67;1;3;Away Win;1;1;Draw;7;7;3;4;18;11;5;4;1;1;0;0;4;3;14;11;5;5;17;47;38;18;16;4
D1;16.02.2019;VfL Wolfsburg;FSV Mainz 05;16.02.19_VfL Wolfsburg_FSV Mainz 05;34;140,30;4,13;27;101,75;3,77;3;0;Home Win;1;0;Home Win;16;12;6;4;6;11;4;7;1;1;0;0;9;5;7;7;6;8;32;30;23;33;7;11
D1;17.02.2019;Eintracht Frankfurt;Borussia Mönchengladbach;17.02.19_Eintracht Frankfurt_Borussia Mönchengladbach;36;147,90;4,11;30;209,65;6,99;1;1;Draw;1;0;Home Win;12;14;3;5;12;8;8;7;3;1;0;0;9;6;6;13;3;5;40;27;41;21;5;3
D1;17.02.2019;Bayer 04 Leverkusen;Fortuna Düsseldorf;17.02.19_Bayer 04 Leverkusen_Fortuna Düsseldorf;26;377,20;14,51;30;38,95;1,30;2;0;Home Win;1;0;Home Win;13;3;7;0;6;11;5;4;1;3;0;0;10;3;8;7;4;10;37;32;25;39;6;12
D1;18.02.2019;1. FC Nürnberg;Borussia Dortmund;18.02.19_1. FC Nürnberg_Borussia Dortmund;27;28,28;1,05;29;412,30;14,22;0;0;Draw;0;0;Draw;7;17;2;6;8;9;3;11;1;1;0;0;2;6;13;15;5;1;17;46;54;23;18;1
D1;22.02.2019;Werder Bremen;VfB Stuttgart;22.02.19_Werder Bremen_VfB Stuttgart;32;111,40;3,48;25;59,40;2,38;1;1;Draw;1;1;Draw;15;8;4;3;7;9;4;2;1;3;0;0;8;7;7;4;3;15;37;33;18;50;10;16
D1;23.02.2019;FC Bayern München;Hertha BSC Berlin;23.02.19_FC Bayern München_Hertha BSC Berlin;24;844,65;35,19;35;135,53;3,87;1;0;Home Win;0;0;Draw;12;9;4;2;12;6;11;3;2;0;0;1;15;3;4;8;8;6;50;26;35;32;2;9
D1;23.02.2019;Fortuna Düsseldorf;1. FC Nürnberg;23.02.19_Fortuna Düsseldorf_1. FC Nürnberg;30;35,50;1,18;24;28,28;1,18;2;1;Home Win;0;1;Away Win;19;5;7;2;14;7;7;3;3;4;0;1;7;4;11;2;7;13;25;41;17;46;12;18
D1;23.02.2019;SC Freiburg;FC Augsburg;23.02.19_SC Freiburg_FC Augsburg;28;83,13;2,97;31;96,35;3,11;5;1;Home Win;3;0;Home Win;19;14;11;4;13;16;8;1;0;3;0;1;5;9;8;4;6;12;29;37;31;40;13;15
D1;23.02.2019;FSV Mainz 05;FC Schalke 04;23.02.19_FSV Mainz 05_FC Schalke 04;28;84,48;3,02;27;245,70;9,10;3;0;Home Win;1;0;Home Win;21;10;6;3;10;15;1;3;4;2;0;0;7;6;9;6;5;11;23;36;25;32;11;14
D1;23.02.2019;Borussia Mönchengladbach;VfL Wolfsburg;23.02.19_Borussia Mönchengladbach_VfL Wolfsburg;30;197,53;6,58;31;149,05;4,81;0;3;Away Win;0;1;Away Win;15;5;5;3;14;11;12;1;2;1;0;0;13;4;5;10;5;7;42;22;35;30;3;6
D1;24.02.2019;Borussia Dortmund;Bayer 04 Leverkusen;24.02.19_Borussia Dortmund_Bayer 04 Leverkusen;29;378,25;13,04;27;364,70;13,51;3;2;Home Win;2;1;Home Win;9;13;4;4;10;9;3;8;1;2;0;0;15;6;1;11;3;8;54;23;39;32;1;5
D1;24.02.2019;Hannover 96;Eintracht Frankfurt;24.02.19_Hannover 96_Eintracht Frankfurt;26;34,13;1,31;36;126,75;3,52;0;3;Away Win;0;0;Draw;11;14;3;8;11;12;3;5;1;1;0;0;3;5;14;9;7;6;20;47;41;28;17;7
D1;25.02.2019;RB Leipzig;1899 Hoffenheim;25.02.19_RB Leipzig_1899 Hoffenheim;24;316,00;13,17;30;200,80;6,69;1;1;Draw;0;1;Away Win;15;7;4;4;16;21;6;4;0;1;0;0;12;5;5;8;9;5;41;19;44;32;4;8
D1;01.03.2019;FC Augsburg;Borussia Dortmund;01.03.19_FC Augsburg_Borussia Dortmund;31;100,80;3,25;29;412,30;14,22;2;1;Home Win;1;0;Home Win;9;18;4;8;15;11;1;4;1;2;0;0;4;6;13;16;6;1;32;45;57;25;15;1
D1;02.03.2019;Eintracht Frankfurt;1899 Hoffenheim;02.03.19_Eintracht Frankfurt_1899 Hoffenheim;36;147,90;4,11;30;200,80;6,69;3;2;Home Win;1;1;Draw;18;20;10;7;8;16;4;3;0;3;0;1;10;7;6;8;10;5;44;28;45;33;6;8
D1;02.03.2019;Hertha BSC Berlin;FSV Mainz 05;02.03.19_Hertha BSC Berlin_FSV Mainz 05;33;119,25;3,61;27;101,75;3,77;2;1;Home Win;0;0;Draw;11;13;4;1;13;10;4;1;0;2;0;0;8;8;7;8;6;9;35;33;26;36;10;11
D1;02.03.2019;Bayer 04 Leverkusen;SC Freiburg;02.03.19_Bayer 04 Leverkusen_SC Freiburg;26;377,20;14,51;29;85,65;2,95;2;0;Home Win;1;0;Home Win;17;8;5;3;11;7;7;2;0;0;0;0;11;3;9;6;9;8;41;35;34;38;7;13
D1;02.03.2019;Borussia Mönchengladbach;FC Bayern München;02.03.19_Borussia Mönchengladbach_FC Bayern München;30;197,53;6,58;23;827,80;35,99;1;5;Away Win;1;2;Away Win;11;19;2;14;6;11;1;9;2;2;0;0;13;4;6;16;3;4;42;25;51;26;3;2
D1;02.03.2019;1. FC Nürnberg;RB Leipzig;02.03.19_1. FC Nürnberg_RB Leipzig;27;28,28;1,05;28;298,65;10,67;0;1;Away Win;0;1;Away Win;7;12;1;5;8;17;5;8;2;3;0;0;2;7;14;12;6;5;18;48;42;20;18;4
D1;02.03.2019;FC Schalke 04;Fortuna Düsseldorf;02.03.19_FC Schalke 04_Fortuna Düsseldorf;28;256,40;9,16;30;38,95;1,30;0;4;Away Win;0;1;Away Win;7;13;2;5;16;16;1;1;4;2;0;0;6;5;12;8;4;11;25;35;27;42;14;12
D1;03.03.2019;VfB Stuttgart;Hannover 96;03.03.19_VfB Stuttgart_Hannover 96;23;59,40;2,58;27;34,13;1,26;5;1;Home Win;3;0;Home Win;14;3;8;1;15;16;7;0;2;2;0;0;4;4;15;3;5;15;19;51;20;50;16;17
D1;03.03.2019;VfL Wolfsburg;Werder Bremen;03.03.19_VfL Wolfsburg_Werder Bremen;34;140,30;4,13;33;118,40;3,59;1;1;Draw;0;0;Draw;13;12;5;3;8;22;6;4;0;2;0;0;11;5;7;8;8;7;38;30;38;34;5;9
D1;08.03.2019;Werder Bremen;FC Schalke 04;08.03.19_Werder Bremen_FC Schalke 04;32;111,40;3,48;27;245,70;9,10;4;2;Home Win;1;1;Draw;20;14;7;8;17;10;4;5;2;1;0;0;8;9;7;6;5;13;39;35;25;39;10;14
D1;09.03.2019;FC Bayern München;VfL Wolfsburg;09.03.19_FC Bayern München_VfL Wolfsburg;24;844,65;35,19;31;149,05;4,81;6;0;Home Win;2;0;Home Win;22;4;12;1;9;6;7;2;0;1;0;0;17;3;4;11;6;7;56;27;39;31;2;7
D1;09.03.2019;Borussia Dortmund;VfB Stuttgart;09.03.19_Borussia Dortmund_VfB Stuttgart;29;378,25;13,04;25;59,40;2,38;3;1;Home Win;0;0;Draw;18;7;8;1;6;10;7;1;3;3;0;0;16;6;2;5;4;15;58;27;24;52;1;16
D1;09.03.2019;SC Freiburg;Hertha BSC Berlin;09.03.19_SC Freiburg_Hertha BSC Berlin;28;83,13;2,97;35;135,53;3,87;2;1;Home Win;1;0;Home Win;10;16;4;6;10;14;3;6;1;3;0;0;6;9;9;9;8;7;34;40;37;34;13;8
D1;09.03.2019;FSV Mainz 05;Borussia Mönchengladbach;09.03.19_FSV Mainz 05_Borussia Mönchengladbach;28;84,48;3,02;30;209,65;6,99;0;1;Away Win;0;0;Draw;15;11;2;4;12;4;2;6;2;0;0;0;8;6;10;13;4;7;27;38;43;30;12;4
D1;09.03.2019;RB Leipzig;FC Augsburg;09.03.19_RB Leipzig_FC Augsburg;24;316,00;13,17;31;96,35;3,11;0;0;Draw;0;0;Draw;17;5;4;3;13;9;7;4;1;1;0;0;13;6;5;5;6;13;43;20;34;46;3;15
D1;10.03.2019;Hannover 96;Bayer 04 Leverkusen;10.03.19_Hannover 96_Bayer 04 Leverkusen;26;34,13;1,31;27;364,70;13,51;2;3;Away Win;0;2;Away Win;11;15;5;5;14;15;6;6;3;1;0;0;3;5;16;12;3;9;21;55;43;35;17;6
D1;10.03.2019;1899 Hoffenheim;1. FC Nürnberg;10.03.19_1899 Hoffenheim_1. FC Nürnberg;30;214,45;7,15;24;28,28;1,18;2;1;Home Win;1;0;Home Win;18;11;6;5;10;7;8;3;3;2;0;0;8;10;6;2;7;15;47;36;18;49;9;18
D1;11.03.2019;Fortuna Düsseldorf;Eintracht Frankfurt;11.03.19_Fortuna Düsseldorf_Eintracht Frankfurt;30;35,50;1,18;36;126,75;3,52;0;3;Away Win;0;0;Draw;7;15;3;6;9;14;1;5;1;2;0;0;9;4;11;11;7;6;31;42;47;30;11;5
D1;15.03.2019;Borussia Mönchengladbach;SC Freiburg;15.03.19_Borussia Mönchengladbach_SC Freiburg;30;197,53;6,58;29;85,65;2,95;1;1;Draw;1;1;Draw;13;10;2;2;10;13;10;6;0;3;0;0;14;4;7;7;9;9;44;30;36;41;4;12
D1;16.03.2019;FC Augsburg;Hannover 96;16.03.19_FC Augsburg_Hannover 96;31;100,80;3,25;27;34,13;1,26;3;1;Home Win;0;1;Away Win;22;13;10;4;11;10;2;3;1;4;0;0;5;7;13;3;5;17;34;46;23;58;15;17
D1;16.03.2019;Hertha BSC Berlin;Borussia Dortmund;16.03.19_Hertha BSC Berlin_Borussia Dortmund;33;119,25;3,61;29;412,30;14,22;2;3;Away Win;2;1;Home Win;7;25;4;8;10;5;4;10;3;3;2;0;9;8;8;17;6;2;38;36;61;28;10;2
D1;16.03.2019;FC Schalke 04;RB Leipzig;16.03.19_FC Schalke 04_RB Leipzig;28;256,40;9,16;28;298,65;10,67;0;1;Away Win;0;1;Away Win;14;15;3;4;12;16;0;6;1;1;0;0;6;5;14;13;7;5;27;43;43;20;14;3
D1;16.03.2019;VfB Stuttgart;1899 Hoffenheim;16.03.19_VfB Stuttgart_1899 Hoffenheim;23;59,40;2,58;30;200,80;6,69;1;1;Draw;0;1;Away Win;13;21;2;8;10;15;4;9;4;2;0;0;5;4;16;9;10;6;25;55;49;37;16;8
D1;16.03.2019;VfL Wolfsburg;Fortuna Düsseldorf;16.03.19_VfL Wolfsburg_Fortuna Düsseldorf;34;140,30;4,13;30;38,95;1,30;5;2;Home Win;1;1;Draw;19;18;10;6;15;9;7;5;1;1;0;0;11;6;8;9;4;12;39;37;31;45;7;11
D1;17.03.2019;FC Bayern München;FSV Mainz 05;17.03.19_FC Bayern München_FSV Mainz 05;24;844,65;35,19;27;101,75;3,77;6;0;Home Win;3;0;Home Win;22;7;11;1;7;5;13;2;1;0;0;0;18;3;4;8;6;11;62;27;27;39;1;13
D1;17.03.2019;Eintracht Frankfurt;1. FC Nürnberg;17.03.19_Eintracht Frankfurt_1. FC Nürnberg;36;147,90;4,11;24;28,28;1,18;1;0;Home Win;1;0;Home Win;24;9;4;3;4;13;8;3;0;2;0;0;12;7;6;2;7;16;50;30;19;51;5;18
D1;17.03.2019;Bayer 04 Leverkusen;Werder Bremen;17.03.19_Bayer 04 Leverkusen_Werder Bremen;26;377,20;14,51;33;118,40;3,59;1;3;Away Win;0;2;Away Win;15;10;2;5;8;11;10;3;3;2;0;0;13;3;9;9;9;7;46;37;43;37;6;9
D1;29.03.2019;1899 Hoffenheim;Bayer 04 Leverkusen;29.03.19_1899 Hoffenheim_Bayer 04 Leverkusen;30;214,45;7,15;27;364,70;13,51;4;1;Home Win;1;1;Draw;13;18;5;6;8;6;4;7;2;2;0;0;9;11;6;13;3;10;50;38;47;40;9;6
D1;30.03.2019;Borussia Dortmund;VfL Wolfsburg;30.03.19_Borussia Dortmund_VfL Wolfsburg;29;378,25;13,04;31;149,05;4,81;2;0;Home Win;0;0;Draw;11;7;5;3;11;13;5;4;0;3;0;0;18;6;2;12;6;8;64;30;44;39;2;7
D1;30.03.2019;Fortuna Düsseldorf;Borussia Mönchengladbach;30.03.19_Fortuna Düsseldorf_Borussia Mönchengladbach;30;35,50;1,18;30;209,65;6,99;3;1;Home Win;3;0;Home Win;8;13;4;6;14;13;1;2;2;3;0;0;9;4;13;14;5;7;33;50;45;31;12;4
D1;30.03.2019;SC Freiburg;FC Bayern München;30.03.19_SC Freiburg_FC Bayern München;28;83,13;2,97;23;827,80;35,99;1;1;Draw;1;1;Draw;12;26;5;8;8;9;1;7;3;1;0;0;7;10;9;19;3;4;37;42;68;27;11;1
D1;30.03.2019;1. FC Nürnberg;FC Augsburg;30.03.19_1. FC Nürnberg_FC Augsburg;27;28,28;1,05;31;96,35;3,11;3;0;Home Win;0;0;Draw;12;14;4;3;8;12;4;4;1;3;0;0;2;7;17;6;7;13;19;52;37;47;18;14
D1;30.03.2019;RB Leipzig;Hertha BSC Berlin;30.03.19_RB Leipzig_Hertha BSC Berlin;24;316,00;13,17;35;135,53;3,87;5;0;Home Win;2;0;Home Win;21;6;9;0;7;6;6;3;1;1;0;0;14;7;5;9;8;9;44;20;40;39;3;10
D1;30.03.2019;Werder Bremen;FSV Mainz 05;30.03.19_Werder Bremen_FSV Mainz 05;32;111,40;3,48;27;101,75;3,77;3;1;Home Win;2;0;Home Win;8;12;4;5;11;9;7;8;0;1;0;0;10;9;7;8;6;12;46;38;27;45;8;13
D1;31.03.2019;Eintracht Frankfurt;VfB Stuttgart;31.03.19_Eintracht Frankfurt_VfB Stuttgart;36;147,90;4,11;25;59,40;2,38;3;0;Home Win;1;0;Home Win;11;10;5;3;13;10;5;5;2;1;0;0;13;7;6;5;5;16;51;30;26;56;5;16
D1;31.03.2019;Hannover 96;FC Schalke 04;31.03.19_Hannover 96_FC Schalke 04;26;34,13;1,31;27;245,70;9,10;0;1;Away Win;0;1;Away Win;15;6;3;3;16;17;8;2;1;1;0;0;3;5;18;6;5;15;24;61;27;44;17;15
D1;05.04.2019;FSV Mainz 05;SC Freiburg;05.04.19_FSV Mainz 05_SC Freiburg;28;84,48;3,02;29;85,65;2,95;5;0;Home Win;3;0;Home Win;9;17;5;5;17;7;2;7;3;1;0;0;8;6;13;7;11;9;28;48;38;43;13;12
D1;06.04.2019;FC Bayern München;Borussia Dortmund;06.04.19_FC Bayern München_Borussia Dortmund;24;844,65;35,19;29;412,30;14,22;5;0;Home Win;4;0;Home Win;22;5;10;1;9;12;11;1;1;2;0;0;19;4;4;19;6;2;69;28;66;30;2;1
D1;06.04.2019;Hertha BSC Berlin;Fortuna Düsseldorf;06.04.19_Hertha BSC Berlin_Fortuna Düsseldorf;33;119,25;3,61;30;38,95;1,30;1;2;Away Win;1;1;Draw;13;13;3;7;18;11;2;6;2;1;0;0;9;8;10;10;4;13;40;44;36;51;10;11
D1;06.04.2019;Bayer 04 Leverkusen;RB Leipzig;06.04.19_Bayer 04 Leverkusen_RB Leipzig;26;377,20;14,51;28;298,65;10,67;2;4;Away Win;2;1;Home Win;11;8;4;4;10;12;6;2;2;1;0;0;13;3;11;15;7;5;48;44;49;20;7;3
D1;06.04.2019;FC Schalke 04;Eintracht Frankfurt;06.04.19_FC Schalke 04_Eintracht Frankfurt;28;256,40;9,16;36;126,75;3,52;1;2;Away Win;1;1;Draw;6;16;4;5;16;8;3;6;5;1;1;0;7;5;15;14;7;6;28;44;54;30;14;4
D1;06.04.2019;VfB Stuttgart;1. FC Nürnberg;06.04.19_VfB Stuttgart_1. FC Nürnberg;23;59,40;2,58;24;28,28;1,18;1;1;Draw;0;1;Away Win;14;19;4;6;8;11;12;5;1;3;0;0;5;5;17;3;7;17;26;59;22;52;16;17
D1;06.04.2019;VfL Wolfsburg;Hannover 96;06.04.19_VfL Wolfsburg_Hannover 96;34;140,30;4,13;27;34,13;1,26;3;1;Home Win;1;1;Draw;13;11;5;4;9;11;9;2;1;2;0;0;12;6;9;3;5;19;44;41;24;62;8;18
D1;07.04.2019;FC Augsburg;1899 Hoffenheim;07.04.19_FC Augsburg_1899 Hoffenheim;31;100,80;3,25;30;200,80;6,69;0;4;Away Win;0;1;Away Win;8;18;0;9;9;10;4;3;1;1;0;0;6;7;14;10;11;6;37;50;54;39;15;9
D1;07.04.2019;Borussia Mönchengladbach;Werder Bremen;07.04.19_Borussia Mönchengladbach_Werder Bremen;30;197,53;6,58;33;118,40;3,59;1;1;Draw;0;0;Draw;15;12;3;6;7;6;7;1;2;2;0;0;14;5;8;11;9;7;46;34;49;39;5;6
D1;12.04.2019;1. FC Nürnberg;FC Schalke 04;12.04.19_1. FC Nürnberg_FC Schalke 04;27;28,28;1,05;27;245,70;9,10;1;1;Draw;0;0;Draw;17;16;6;2;12;13;11;9;1;2;0;0;3;10;20;8;8;17;25;63;37;55;18;15
D1;13.04.2019;Borussia Dortmund;FSV Mainz 05;13.04.19_Borussia Dortmund_FSV Mainz 05;29;378,25;13,04;27;101,75;3,77;2;1;Home Win;2;0;Home Win;11;17;7;9;10;6;4;4;0;1;0;0;22;7;4;11;7;15;79;44;42;55;2;12
D1;13.04.2019;Hannover 96;Borussia Mönchengladbach;13.04.19_Hannover 96_Borussia Mönchengladbach;26;34,13;1,31;30;209,65;6,99;0;1;Away Win;0;0;Draw;12;18;5;9;10;8;3;12;0;0;0;0;5;6;22;16;7;10;30;69;55;40;17;4
D1;13.04.2019;RB Leipzig;VfL Wolfsburg;13.04.19_RB Leipzig_VfL Wolfsburg;24;316,00;13,17;31;149,05;4,81;2;0;Home Win;2;0;Home Win;21;6;10;2;19;12;9;3;1;1;0;0;19;9;5;15;7;11;62;27;54;49;3;7
D1;13.04.2019;VfB Stuttgart;Bayer 04 Leverkusen;13.04.19_VfB Stuttgart_Bayer 04 Leverkusen;23;59,40;2,58;27;364,70;13,51;0;1;Away Win;0;0;Draw;13;18;5;5;13;11;7;6;1;0;1;0;7;6;20;17;4;12;32;70;64;51;16;5
D1;13.04.2019;Werder Bremen;SC Freiburg;13.04.19_Werder Bremen_SC Freiburg;32;111,40;3,48;29;85,65;2,95;2;1;Home Win;0;0;Draw;17;9;7;5;18;7;7;3;1;3;0;0;13;11;9;7;12;14;56;48;41;60;9;13
D1;14.04.2019;Eintracht Frankfurt;FC Augsburg;14.04.19_Eintracht Frankfurt_FC Augsburg;36;147,90;4,11;31;96,35;3,11;1;3;Away Win;1;2;Away Win;17;18;4;6;17;9;8;2;3;1;1;0;15;9;9;8;8;17;59;43;50;63;6;14
D1;14.04.2019;Fortuna Düsseldorf;FC Bayern München;14.04.19_Fortuna Düsseldorf_FC Bayern München;30;35,50;1,18;23;827,80;35,99;1;4;Away Win;0;2;Away Win;7;21;2;10;11;8;2;6;1;0;0;0;12;5;16;23;6;4;47;64;83;31;11;1
D1;14.04.2019;1899 Hoffenheim;Hertha BSC Berlin;14.04.19_1899 Hoffenheim_Hertha BSC Berlin;30;214,45;7,15;35;135,53;3,87;2;0;Home Win;1;0;Home Win;30;5;7;2;8;16;9;3;1;0;0;0;13;12;8;11;10;12;68;48;48;52;8;10
D1;20.04.2019;FC Augsburg;VfB Stuttgart;20.04.19_FC Augsburg_VfB Stuttgart;31;100,80;3,25;25;59,40;2,38;6;0;Home Win;3;0;Home Win;24;14;13;4;13;6;9;4;0;0;0;0;7;7;15;5;6;18;40;55;27;61;14;16
D1;20.04.2019;FC Bayern München;Werder Bremen;20.04.19_FC Bayern München_Werder Bremen;24;844,65;35,19;33;118,40;3,59;1;0;Home Win;0;0;Draw;28;3;7;0;10;12;14;3;0;2;0;1;21;4;4;12;10;7;78;29;52;41;1;7
D1;20.04.2019;Bayer 04 Leverkusen;1. FC Nürnberg;20.04.19_Bayer 04 Leverkusen_1. FC Nürnberg;26;377,20;14,51;24;28,28;1,18;2;0;Home Win;0;0;Draw;20;5;9;1;11;7;11;1;0;0;0;0;14;3;12;3;9;17;51;48;24;54;8;17
D1;20.04.2019;FSV Mainz 05;Fortuna Düsseldorf;20.04.19_FSV Mainz 05_Fortuna Düsseldorf;28;84,48;3,02;30;38,95;1,30;3;1;Home Win;1;1;Draw;21;17;5;7;10;14;3;7;0;3;0;0;9;6;14;11;4;14;34;50;39;56;12;10
D1;20.04.2019;Borussia Mönchengladbach;RB Leipzig;20.04.19_Borussia Mönchengladbach_RB Leipzig;30;197,53;6,58;28;298,65;10,67;1;2;Away Win;0;1;Away Win;14;14;4;4;13;14;2;4;0;2;0;0;15;6;8;17;7;5;48;35;55;22;5;3
D1;20.04.2019;FC Schalke 04;1899 Hoffenheim;20.04.19_FC Schalke 04_1899 Hoffenheim;28;256,40;9,16;30;200,80;6,69;2;5;Away Win;0;2;Away Win;15;11;5;6;13;15;6;1;2;3;0;0;7;6;16;12;11;6;30;47;60;39;15;6
D1;21.04.2019;SC Freiburg;Borussia Dortmund;21.04.19_SC Freiburg_Borussia Dortmund;28;83,13;2,97;29;412,30;14,22;0;4;Away Win;0;1;Away Win;9;10;2;6;10;6;5;3;2;0;0;0;7;11;11;20;6;3;39;50;68;36;13;2
D1;21.04.2019;Hertha BSC Berlin;Hannover 96;21.04.19_Hertha BSC Berlin_Hannover 96;33;119,25;3,61;27;34,13;1,26;0;0;Draw;0;0;Draw;16;13;3;5;13;9;5;8;4;1;0;0;9;8;12;3;5;21;41;48;25;66;11;18
D1;22.04.2019;VfL Wolfsburg;Eintracht Frankfurt;22.04.19_VfL Wolfsburg_Eintracht Frankfurt;34;140,30;4,13;36;126,75;3,52;1;1;Draw;0;0;Draw;21;12;8;3;10;8;13;6;2;3;0;0;13;6;10;15;7;7;47;44;57;34;9;4
D1;26.04.2019;FC Augsburg;Bayer 04 Leverkusen;26.04.19_FC Augsburg_Bayer 04 Leverkusen;31;100,80;3,25;27;364,70;13,51;1;4;Away Win;1;1;Draw;8;13;2;7;11;8;3;3;1;0;0;0;8;7;15;15;3;12;46;55;53;48;14;7
D1;27.04.2019;Borussia Dortmund;FC Schalke 04;27.04.19_Borussia Dortmund_FC Schalke 04;29;378,25;13,04;27;245,70;9,10;2;4;Away Win;1;2;Away Win;8;8;2;4;9;18;2;4;0;6;2;0;21;6;3;7;6;17;72;36;32;52;2;15
D1;27.04.2019;Eintracht Frankfurt;Hertha BSC Berlin;27.04.19_Eintracht Frankfurt_Hertha BSC Berlin;36;147,90;4,11;35;135,53;3,87;0;0;Draw;0;0;Draw;10;10;4;3;13;15;2;4;0;5;0;1;15;8;7;9;9;12;58;35;41;48;4;11
D1;27.04.2019;Fortuna Düsseldorf;Werder Bremen;27.04.19_Fortuna Düsseldorf_Werder Bremen;30;35,50;1,18;33;118,40;3,59;4;1;Home Win;2;1;Home Win;13;18;6;9;10;13;4;9;1;3;0;0;11;4;15;12;10;8;40;59;52;42;10;8
D1;27.04.2019;Hannover 96;FSV Mainz 05;27.04.19_Hannover 96_FSV Mainz 05;26;34,13;1,31;27;101,75;3,77;1;0;Home Win;0;0;Draw;7;23;3;4;10;14;4;7;2;1;0;0;3;6;21;10;6;14;25;66;37;51;18;12
D1;27.04.2019;RB Leipzig;SC Freiburg;27.04.19_RB Leipzig_SC Freiburg;24;316,00;13,17;29;85,65;2,95;2;1;Home Win;1;0;Home Win;15;14;4;8;15;15;5;4;3;5;0;0;18;7;5;7;11;12;57;23;39;54;3;13
D1;27.04.2019;VfB Stuttgart;Borussia Mönchengladbach;27.04.19_VfB Stuttgart_Borussia Mönchengladbach;23;59,40;2,58;30;209,65;6,99;1;0;Home Win;0;0;Draw;13;17;6;4;18;8;2;7;2;1;0;0;5;6;19;15;6;9;27;67;49;37;16;5
D1;28.04.2019;1899 Hoffenheim;VfL Wolfsburg;28.04.19_1899 Hoffenheim_VfL Wolfsburg;30;214,45;7,15;31;149,05;4,81;1;4;Away Win;1;1;Draw;19;22;7;10;13;9;9;3;2;2;0;0;13;11;6;13;7;10;65;41;48;45;6;9
D1;28.04.2019;1. FC Nürnberg;FC Bayern München;28.04.19_1. FC Nürnberg_FC Bayern München;27;28,28;1,05;23;827,80;35,99;1;1;Draw;0;0;Draw;9;18;4;6;11;8;5;5;1;2;0;0;3;9;18;22;4;4;24;56;79;29;17;1
D1;03.05.2019;FSV Mainz 05;RB Leipzig;03.05.19_FSV Mainz 05_RB Leipzig;28;84,48;3,02;28;298,65;10,67;3;3;Draw;1;2;Away Win;14;15;6;5;14;12;6;4;1;1;0;0;10;6;15;19;7;5;37;52;59;24;12;3
D1;04.05.2019;FC Bayern München;Hannover 96;04.05.19_FC Bayern München_Hannover 96;24;844,65;35,19;27;34,13;1,26;3;1;Home Win;2;0;Home Win;27;2;14;1;9;5;11;0;0;3;0;1;22;5;4;4;6;21;80;30;26;66;1;18
D1;04.05.2019;Hertha BSC Berlin;VfB Stuttgart;04.05.19_Hertha BSC Berlin_VfB Stuttgart;33;119,25;3,61;25;59,40;2,38;3;1;Home Win;2;0;Home Win;11;14;6;1;13;17;2;5;1;1;0;0;9;10;12;6;6;19;41;48;28;67;11;16
D1;04.05.2019;Borussia Mönchengladbach;1899 Hoffenheim;04.05.19_Borussia Mönchengladbach_1899 Hoffenheim;30;197,53;6,58;30;200,80;6,69;2;2;Draw;0;1;Away Win;10;26;5;9;10;18;2;7;2;4;0;0;15;6;10;13;11;7;49;38;66;45;5;7
D1;04.05.2019;Werder Bremen;Borussia Dortmund;04.05.19_Werder Bremen_Borussia Dortmund;32;111,40;3,48;29;412,30;14,22;2;2;Draw;0;2;Away Win;14;21;4;8;17;7;4;8;2;1;0;0;12;10;9;21;6;4;53;46;74;40;9;2
D1;04.05.2019;VfL Wolfsburg;1. FC Nürnberg;04.05.19_VfL Wolfsburg_1. FC Nürnberg;34;140,30;4,13;24;28,28;1,18;2;0;Home Win;1;0;Home Win;10;12;4;3;8;12;4;5;0;0;0;0;14;7;10;3;10;18;52;46;25;57;8;17
D1;05.05.2019;SC Freiburg;Fortuna Düsseldorf;05.05.19_SC Freiburg_Fortuna Düsseldorf;28;83,13;2,97;30;38,95;1,30;1;1;Draw;1;1;Draw;9;16;3;3;12;11;5;4;2;3;1;0;7;11;13;12;4;15;40;56;44;60;13;10
D1;05.05.2019;Bayer 04 Leverkusen;Eintracht Frankfurt;05.05.19_Bayer 04 Leverkusen_Eintracht Frankfurt;26;377,20;14,51;36;126,75;3,52;6;1;Home Win;6;1;Home Win;17;4;11;2;3;11;1;4;0;3;0;0;16;3;12;15;9;7;57;49;58;35;6;4
D1;05.05.2019;FC Schalke 04;FC Augsburg;05.05.19_FC Schalke 04_FC Augsburg;28;256,40;9,16;31;96,35;3,11;0;0;Draw;0;0;Draw;14;7;3;3;4;7;7;4;1;0;0;0;8;6;17;8;7;16;36;54;47;59;15;14
D1;11.05.2019;FC Augsburg;Hertha BSC Berlin;11.05.19_FC Augsburg_Hertha BSC Berlin;31;100,80;3,25;35;135,53;3,87;3;4;Away Win;1;0;Home Win;5;24;3;8;11;4;1;9;0;1;0;0;8;8;16;10;10;12;47;59;44;49;14;11
D1;11.05.2019;Borussia Dortmund;Fortuna Düsseldorf;11.05.19_Borussia Dortmund_Fortuna Düsseldorf;29;378,25;13,04;30;38,95;1,30;3;2;Home Win;1;0;Home Win;15;8;5;3;11;12;2;4;1;0;0;1;21;7;4;12;5;15;76;42;45;61;2;10
D1;11.05.2019;Hannover 96;SC Freiburg;11.05.19_Hannover 96_SC Freiburg;26;34,13;1,31;29;85,65;2,95;3;0;Home Win;1;0;Home Win;18;5;6;1;15;12;5;3;0;2;0;0;4;6;22;7;12;13;27;69;41;57;18;13
D1;11.05.2019;1899 Hoffenheim;Werder Bremen;11.05.19_1899 Hoffenheim_Werder Bremen;30;214,45;7,15;33;118,40;3,59;0;1;Away Win;0;1;Away Win;19;11;3;6;16;10;1;4;3;4;0;0;13;12;7;12;11;9;68;47;55;48;8;9
D1;11.05.2019;Bayer 04 Leverkusen;FC Schalke 04;11.05.19_Bayer 04 Leverkusen_FC Schalke 04;26;377,20;14,51;27;245,70;9,10;1;1;Draw;1;0;Home Win;18;8;5;3;10;10;4;4;2;1;0;0;17;3;12;8;7;17;63;50;36;54;5;15
D1;11.05.2019;1. FC Nürnberg;Borussia Mönchengladbach;11.05.19_1. FC Nürnberg_Borussia Mönchengladbach;27;28,28;1,05;30;209,65;6,99;0;4;Away Win;0;0;Draw;12;16;2;5;4;14;1;5;0;2;0;0;3;10;19;15;7;10;25;59;51;40;17;6
D1;11.05.2019;RB Leipzig;FC Bayern München;11.05.19_RB Leipzig_FC Bayern München;24;316,00;13,17;23;827,80;35,99;0;0;Draw;0;0;Draw;10;11;3;5;11;9;1;6;0;2;0;0;19;8;5;23;5;4;62;27;83;31;3;1
D1;11.05.2019;VfB Stuttgart;VfL Wolfsburg;11.05.19_VfB Stuttgart_VfL Wolfsburg;23;59,40;2,58;31;149,05;4,81;3;0;Home Win;1;0;Home Win;11;8;4;2;14;10;4;3;1;2;0;0;6;6;20;15;7;10;29;70;54;46;16;7
D1;12.05.2019;Eintracht Frankfurt;FSV Mainz 05;12.05.19_Eintracht Frankfurt_FSV Mainz 05;36;147,90;4,11;27;101,75;3,77;0;2;Away Win;0;0;Draw;13;15;4;4;10;20;9;6;1;1;0;0;15;9;8;10;7;15;59;41;40;55;4;12
D1;18.05.2019;FC Bayern München;Eintracht Frankfurt;18.05.19_FC Bayern München_Eintracht Frankfurt;24;844,65;35,19;36;126,75;3,52;5;1;Home Win;1;0;Home Win;23;6;14;2;7;13;5;3;2;2;0;0;23;6;4;15;9;9;83;31;59;43;1;6
D1;18.05.2019;Fortuna Düsseldorf;Hannover 96;18.05.19_Fortuna Düsseldorf_Hannover 96;30;35,50;1,18;27;34,13;1,26;2;1;Home Win;0;0;Draw;15;14;7;3;13;9;2;7;2;1;0;0;12;5;16;5;6;22;47;64;30;69;11;17
D1;18.05.2019;SC Freiburg;1. FC Nürnberg;18.05.19_SC Freiburg_1. FC Nürnberg;28;83,13;2,97;24;28,28;1,18;5;1;Home Win;2;0;Home Win;18;14;8;5;15;9;4;2;2;1;0;0;7;12;14;3;10;20;41;60;25;63;13;18
D1;18.05.2019;Hertha BSC Berlin;Bayer 04 Leverkusen;18.05.19_Hertha BSC Berlin_Bayer 04 Leverkusen;33;119,25;3,61;27;364,70;13,51;1;5;Away Win;1;2;Away Win;9;13;4;8;10;14;4;3;1;1;0;0;11;10;12;17;4;12;48;52;64;51;10;5
D1;18.05.2019;FSV Mainz 05;1899 Hoffenheim;18.05.19_FSV Mainz 05_1899 Hoffenheim;28;84,48;3,02;30;200,80;6,69;4;2;Home Win;0;2;Away Win;22;19;12;7;17;9;8;5;2;4;0;1;11;7;15;13;12;8;42;55;68;48;12;8
D1;18.05.2019;Borussia Mönchengladbach;Borussia Dortmund;18.05.19_Borussia Mönchengladbach_Borussia Dortmund;30;197,53;6,58;29;412,30;14,22;0;2;Away Win;0;1;Away Win;7;12;0;3;8;6;2;2;1;1;0;0;16;7;10;22;7;4;55;40;79;44;4;2
D1;18.05.2019;FC Schalke 04;VfB Stuttgart;18.05.19_FC Schalke 04_VfB Stuttgart;28;256,40;9,16;25;59,40;2,38;0;0;Draw;0;0;Draw;12;16;3;8;10;8;7;5;0;1;0;0;8;8;17;7;6;20;37;55;32;70;15;16
D1;18.05.2019;Werder Bremen;RB Leipzig;18.05.19_Werder Bremen_RB Leipzig;32;111,40;3,48;28;298,65;10,67;2;1;Home Win;1;0;Home Win;6;10;3;3;16;12;3;9;2;2;0;0;13;11;9;19;9;5;56;48;62;27;9;3
D1;18.05.2019;VfL Wolfsburg;FC Augsburg;18.05.19_VfL Wolfsburg_FC Augsburg;34;140,30;4,13;31;96,35;3,11;8;1;Home Win;3;0;Home Win;18;12;10;4;5;11;6;5;0;2;0;0;15;7;11;8;8;17;54;49;50;63;7;14
